--------------------------------------------------------
-- Archivo creado  - jueves-junio-22-2023   
--------------------------------------------------------
--------------------------------------------------------
--  DDL for Table APP_CLIENTE
--------------------------------------------------------

  CREATE TABLE "APP_CLIENTE" 
   (	"ID" NUMBER(19,0) GENERATED BY DEFAULT ON NULL AS IDENTITY MINVALUE 1 MAXVALUE 9999999999999999999999999999 INCREMENT BY 1 START WITH 1 CACHE 20 NOORDER  NOCYCLE  NOKEEP  NOSCALE , 
	"RUT" NVARCHAR2(15), 
	"NOMBRE" NVARCHAR2(50), 
	"APELLIDO" NVARCHAR2(50), 
	"CORREO" NVARCHAR2(50), 
	"DIRECCION" NVARCHAR2(50), 
	"TELEFONO" NVARCHAR2(50), 
	"USER_ID" NUMBER(11,0)
   ) SEGMENT CREATION IMMEDIATE 
  PCTFREE 10 PCTUSED 40 INITRANS 1 MAXTRANS 255 
 NOCOMPRESS LOGGING
  STORAGE(INITIAL 65536 NEXT 1048576 MINEXTENTS 1 MAXEXTENTS 2147483645
  PCTINCREASE 0 FREELISTS 1 FREELIST GROUPS 1
  BUFFER_POOL DEFAULT FLASH_CACHE DEFAULT CELL_FLASH_CACHE DEFAULT)
  TABLESPACE "USERS" ;
--------------------------------------------------------
--  DDL for Table APP_EMPLEADO
--------------------------------------------------------

  CREATE TABLE "APP_EMPLEADO" 
   (	"ID" NUMBER(19,0) GENERATED BY DEFAULT ON NULL AS IDENTITY MINVALUE 1 MAXVALUE 9999999999999999999999999999 INCREMENT BY 1 START WITH 1 CACHE 20 NOORDER  NOCYCLE  NOKEEP  NOSCALE , 
	"RUT" NVARCHAR2(15), 
	"NOMBRE" NVARCHAR2(50), 
	"APELLIDO" NVARCHAR2(50), 
	"CORREO" NVARCHAR2(50), 
	"DIRECCION" NVARCHAR2(50), 
	"TELEFONO" NVARCHAR2(50), 
	"CARGO" NVARCHAR2(50), 
	"DEPARTAMENTO" NVARCHAR2(50), 
	"USER_ID" NUMBER(11,0)
   ) SEGMENT CREATION IMMEDIATE 
  PCTFREE 10 PCTUSED 40 INITRANS 1 MAXTRANS 255 
 NOCOMPRESS LOGGING
  STORAGE(INITIAL 65536 NEXT 1048576 MINEXTENTS 1 MAXEXTENTS 2147483645
  PCTINCREASE 0 FREELISTS 1 FREELIST GROUPS 1
  BUFFER_POOL DEFAULT FLASH_CACHE DEFAULT CELL_FLASH_CACHE DEFAULT)
  TABLESPACE "USERS" ;
--------------------------------------------------------
--  DDL for Table APP_TECNICO
--------------------------------------------------------

  CREATE TABLE "APP_TECNICO" 
   (	"ID" NUMBER(19,0) GENERATED BY DEFAULT ON NULL AS IDENTITY MINVALUE 1 MAXVALUE 9999999999999999999999999999 INCREMENT BY 1 START WITH 1 CACHE 20 NOORDER  NOCYCLE  NOKEEP  NOSCALE , 
	"RUT" NVARCHAR2(15), 
	"NOMBRE" NVARCHAR2(50), 
	"APELLIDO" NVARCHAR2(50), 
	"CORREO" NVARCHAR2(50), 
	"DIRECCION" NVARCHAR2(50), 
	"TELEFONO" NVARCHAR2(50), 
	"USER_ID" NUMBER(11,0)
   ) SEGMENT CREATION IMMEDIATE 
  PCTFREE 10 PCTUSED 40 INITRANS 1 MAXTRANS 255 
 NOCOMPRESS LOGGING
  STORAGE(INITIAL 65536 NEXT 1048576 MINEXTENTS 1 MAXEXTENTS 2147483645
  PCTINCREASE 0 FREELISTS 1 FREELIST GROUPS 1
  BUFFER_POOL DEFAULT FLASH_CACHE DEFAULT CELL_FLASH_CACHE DEFAULT)
  TABLESPACE "USERS" ;
--------------------------------------------------------
--  DDL for Table AUTH_GROUP
--------------------------------------------------------

  CREATE TABLE "AUTH_GROUP" 
   (	"ID" NUMBER(11,0) GENERATED BY DEFAULT ON NULL AS IDENTITY MINVALUE 1 MAXVALUE 9999999999999999999999999999 INCREMENT BY 1 START WITH 1 CACHE 20 NOORDER  NOCYCLE  NOKEEP  NOSCALE , 
	"NAME" NVARCHAR2(150)
   ) SEGMENT CREATION DEFERRED 
  PCTFREE 10 PCTUSED 40 INITRANS 1 MAXTRANS 255 
 NOCOMPRESS LOGGING
  TABLESPACE "USERS" ;
--------------------------------------------------------
--  DDL for Table AUTH_GROUP_PERMISSIONS
--------------------------------------------------------

  CREATE TABLE "AUTH_GROUP_PERMISSIONS" 
   (	"ID" NUMBER(19,0) GENERATED BY DEFAULT ON NULL AS IDENTITY MINVALUE 1 MAXVALUE 9999999999999999999999999999 INCREMENT BY 1 START WITH 1 CACHE 20 NOORDER  NOCYCLE  NOKEEP  NOSCALE , 
	"GROUP_ID" NUMBER(11,0), 
	"PERMISSION_ID" NUMBER(11,0)
   ) SEGMENT CREATION DEFERRED 
  PCTFREE 10 PCTUSED 40 INITRANS 1 MAXTRANS 255 
 NOCOMPRESS LOGGING
  TABLESPACE "USERS" ;
--------------------------------------------------------
--  DDL for Table AUTH_PERMISSION
--------------------------------------------------------

  CREATE TABLE "AUTH_PERMISSION" 
   (	"ID" NUMBER(11,0) GENERATED BY DEFAULT ON NULL AS IDENTITY MINVALUE 1 MAXVALUE 9999999999999999999999999999 INCREMENT BY 1 START WITH 1 CACHE 20 NOORDER  NOCYCLE  NOKEEP  NOSCALE , 
	"NAME" NVARCHAR2(255), 
	"CONTENT_TYPE_ID" NUMBER(11,0), 
	"CODENAME" NVARCHAR2(100)
   ) SEGMENT CREATION IMMEDIATE 
  PCTFREE 10 PCTUSED 40 INITRANS 1 MAXTRANS 255 
 NOCOMPRESS LOGGING
  STORAGE(INITIAL 65536 NEXT 1048576 MINEXTENTS 1 MAXEXTENTS 2147483645
  PCTINCREASE 0 FREELISTS 1 FREELIST GROUPS 1
  BUFFER_POOL DEFAULT FLASH_CACHE DEFAULT CELL_FLASH_CACHE DEFAULT)
  TABLESPACE "USERS" ;
--------------------------------------------------------
--  DDL for Table AUTH_USER
--------------------------------------------------------

  CREATE TABLE "AUTH_USER" 
   (	"ID" NUMBER(11,0) GENERATED BY DEFAULT ON NULL AS IDENTITY MINVALUE 1 MAXVALUE 9999999999999999999999999999 INCREMENT BY 1 START WITH 1 CACHE 20 NOORDER  NOCYCLE  NOKEEP  NOSCALE , 
	"PASSWORD" NVARCHAR2(128), 
	"LAST_LOGIN" TIMESTAMP (6), 
	"IS_SUPERUSER" NUMBER(1,0), 
	"USERNAME" NVARCHAR2(150), 
	"FIRST_NAME" NVARCHAR2(150), 
	"LAST_NAME" NVARCHAR2(150), 
	"EMAIL" NVARCHAR2(254), 
	"IS_STAFF" NUMBER(1,0), 
	"IS_ACTIVE" NUMBER(1,0), 
	"DATE_JOINED" TIMESTAMP (6)
   ) SEGMENT CREATION IMMEDIATE 
  PCTFREE 10 PCTUSED 40 INITRANS 1 MAXTRANS 255 
 NOCOMPRESS LOGGING
  STORAGE(INITIAL 65536 NEXT 1048576 MINEXTENTS 1 MAXEXTENTS 2147483645
  PCTINCREASE 0 FREELISTS 1 FREELIST GROUPS 1
  BUFFER_POOL DEFAULT FLASH_CACHE DEFAULT CELL_FLASH_CACHE DEFAULT)
  TABLESPACE "USERS" ;
--------------------------------------------------------
--  DDL for Table AUTH_USER_GROUPS
--------------------------------------------------------

  CREATE TABLE "AUTH_USER_GROUPS" 
   (	"ID" NUMBER(19,0) GENERATED BY DEFAULT ON NULL AS IDENTITY MINVALUE 1 MAXVALUE 9999999999999999999999999999 INCREMENT BY 1 START WITH 1 CACHE 20 NOORDER  NOCYCLE  NOKEEP  NOSCALE , 
	"USER_ID" NUMBER(11,0), 
	"GROUP_ID" NUMBER(11,0)
   ) SEGMENT CREATION DEFERRED 
  PCTFREE 10 PCTUSED 40 INITRANS 1 MAXTRANS 255 
 NOCOMPRESS LOGGING
  TABLESPACE "USERS" ;
--------------------------------------------------------
--  DDL for Table AUTH_USER_USER_PERMISSIONS
--------------------------------------------------------

  CREATE TABLE "AUTH_USER_USER_PERMISSIONS" 
   (	"ID" NUMBER(19,0) GENERATED BY DEFAULT ON NULL AS IDENTITY MINVALUE 1 MAXVALUE 9999999999999999999999999999 INCREMENT BY 1 START WITH 1 CACHE 20 NOORDER  NOCYCLE  NOKEEP  NOSCALE , 
	"USER_ID" NUMBER(11,0), 
	"PERMISSION_ID" NUMBER(11,0)
   ) SEGMENT CREATION DEFERRED 
  PCTFREE 10 PCTUSED 40 INITRANS 1 MAXTRANS 255 
 NOCOMPRESS LOGGING
  TABLESPACE "USERS" ;
--------------------------------------------------------
--  DDL for Table CARRITO
--------------------------------------------------------

  CREATE TABLE "CARRITO" 
   (	"ID" NUMBER(19,0) GENERATED BY DEFAULT ON NULL AS IDENTITY MINVALUE 1 MAXVALUE 9999999999999999999999999999 INCREMENT BY 1 START WITH 1 CACHE 20 NOORDER  NOCYCLE  NOKEEP  NOSCALE , 
	"CANTIDAD" NUMBER(11,0), 
	"LIBRO_ID" NUMBER(19,0), 
	"USUARIO_ID" NUMBER(11,0)
   ) SEGMENT CREATION IMMEDIATE 
  PCTFREE 10 PCTUSED 40 INITRANS 1 MAXTRANS 255 
 NOCOMPRESS LOGGING
  STORAGE(INITIAL 65536 NEXT 1048576 MINEXTENTS 1 MAXEXTENTS 2147483645
  PCTINCREASE 0 FREELISTS 1 FREELIST GROUPS 1
  BUFFER_POOL DEFAULT FLASH_CACHE DEFAULT CELL_FLASH_CACHE DEFAULT)
  TABLESPACE "USERS" ;
--------------------------------------------------------
--  DDL for Table COTIZACIONES
--------------------------------------------------------

  CREATE TABLE "COTIZACIONES" 
   (	"ID" NUMBER(19,0) GENERATED BY DEFAULT ON NULL AS IDENTITY MINVALUE 1 MAXVALUE 9999999999999999999999999999 INCREMENT BY 1 START WITH 1 CACHE 20 NOORDER  NOCYCLE  NOKEEP  NOSCALE , 
	"FECHA" TIMESTAMP (6), 
	"CORREO" NVARCHAR2(80), 
	"DETALLE" NVARCHAR2(200), 
	"CLIENTE_ID" NUMBER(19,0)
   ) SEGMENT CREATION DEFERRED 
  PCTFREE 10 PCTUSED 40 INITRANS 1 MAXTRANS 255 
 NOCOMPRESS LOGGING
  TABLESPACE "USERS" ;
--------------------------------------------------------
--  DDL for Table DETALLE_VENTA
--------------------------------------------------------

  CREATE TABLE "DETALLE_VENTA" 
   (	"ID" NUMBER(19,0) GENERATED BY DEFAULT ON NULL AS IDENTITY MINVALUE 1 MAXVALUE 9999999999999999999999999999 INCREMENT BY 1 START WITH 1 CACHE 20 NOORDER  NOCYCLE  NOKEEP  NOSCALE , 
	"LIBRO_ID" NUMBER(19,0), 
	"VENTA_ID" NUMBER(19,0)
   ) SEGMENT CREATION DEFERRED 
  PCTFREE 10 PCTUSED 40 INITRANS 1 MAXTRANS 255 
 NOCOMPRESS LOGGING
  TABLESPACE "USERS" ;
--------------------------------------------------------
--  DDL for Table DJANGO_ADMIN_LOG
--------------------------------------------------------

  CREATE TABLE "DJANGO_ADMIN_LOG" 
   (	"ID" NUMBER(11,0) GENERATED BY DEFAULT ON NULL AS IDENTITY MINVALUE 1 MAXVALUE 9999999999999999999999999999 INCREMENT BY 1 START WITH 1 CACHE 20 NOORDER  NOCYCLE  NOKEEP  NOSCALE , 
	"ACTION_TIME" TIMESTAMP (6), 
	"OBJECT_ID" NCLOB, 
	"OBJECT_REPR" NVARCHAR2(200), 
	"ACTION_FLAG" NUMBER(11,0), 
	"CHANGE_MESSAGE" NCLOB, 
	"CONTENT_TYPE_ID" NUMBER(11,0), 
	"USER_ID" NUMBER(11,0)
   ) SEGMENT CREATION DEFERRED 
  PCTFREE 10 PCTUSED 40 INITRANS 1 MAXTRANS 255 
 NOCOMPRESS LOGGING
  TABLESPACE "USERS" 
 LOB ("OBJECT_ID") STORE AS SECUREFILE (
  TABLESPACE "USERS" ENABLE STORAGE IN ROW CHUNK 8192
  NOCACHE LOGGING  NOCOMPRESS  KEEP_DUPLICATES ) 
 LOB ("CHANGE_MESSAGE") STORE AS SECUREFILE (
  TABLESPACE "USERS" ENABLE STORAGE IN ROW CHUNK 8192
  NOCACHE LOGGING  NOCOMPRESS  KEEP_DUPLICATES ) ;
--------------------------------------------------------
--  DDL for Table DJANGO_CONTENT_TYPE
--------------------------------------------------------

  CREATE TABLE "DJANGO_CONTENT_TYPE" 
   (	"ID" NUMBER(11,0) GENERATED BY DEFAULT ON NULL AS IDENTITY MINVALUE 1 MAXVALUE 9999999999999999999999999999 INCREMENT BY 1 START WITH 1 CACHE 20 NOORDER  NOCYCLE  NOKEEP  NOSCALE , 
	"APP_LABEL" NVARCHAR2(100), 
	"MODEL" NVARCHAR2(100)
   ) SEGMENT CREATION IMMEDIATE 
  PCTFREE 10 PCTUSED 40 INITRANS 1 MAXTRANS 255 
 NOCOMPRESS LOGGING
  STORAGE(INITIAL 65536 NEXT 1048576 MINEXTENTS 1 MAXEXTENTS 2147483645
  PCTINCREASE 0 FREELISTS 1 FREELIST GROUPS 1
  BUFFER_POOL DEFAULT FLASH_CACHE DEFAULT CELL_FLASH_CACHE DEFAULT)
  TABLESPACE "USERS" ;
--------------------------------------------------------
--  DDL for Table DJANGO_MIGRATIONS
--------------------------------------------------------

  CREATE TABLE "DJANGO_MIGRATIONS" 
   (	"ID" NUMBER(19,0) GENERATED BY DEFAULT ON NULL AS IDENTITY MINVALUE 1 MAXVALUE 9999999999999999999999999999 INCREMENT BY 1 START WITH 1 CACHE 20 NOORDER  NOCYCLE  NOKEEP  NOSCALE , 
	"APP" NVARCHAR2(255), 
	"NAME" NVARCHAR2(255), 
	"APPLIED" TIMESTAMP (6)
   ) SEGMENT CREATION IMMEDIATE 
  PCTFREE 10 PCTUSED 40 INITRANS 1 MAXTRANS 255 
 NOCOMPRESS LOGGING
  STORAGE(INITIAL 65536 NEXT 1048576 MINEXTENTS 1 MAXEXTENTS 2147483645
  PCTINCREASE 0 FREELISTS 1 FREELIST GROUPS 1
  BUFFER_POOL DEFAULT FLASH_CACHE DEFAULT CELL_FLASH_CACHE DEFAULT)
  TABLESPACE "USERS" ;
--------------------------------------------------------
--  DDL for Table DJANGO_SESSION
--------------------------------------------------------

  CREATE TABLE "DJANGO_SESSION" 
   (	"SESSION_KEY" NVARCHAR2(40), 
	"SESSION_DATA" NCLOB, 
	"EXPIRE_DATE" TIMESTAMP (6)
   ) SEGMENT CREATION IMMEDIATE 
  PCTFREE 10 PCTUSED 40 INITRANS 1 MAXTRANS 255 
 NOCOMPRESS LOGGING
  STORAGE(INITIAL 65536 NEXT 1048576 MINEXTENTS 1 MAXEXTENTS 2147483645
  PCTINCREASE 0 FREELISTS 1 FREELIST GROUPS 1
  BUFFER_POOL DEFAULT FLASH_CACHE DEFAULT CELL_FLASH_CACHE DEFAULT)
  TABLESPACE "USERS" 
 LOB ("SESSION_DATA") STORE AS SECUREFILE (
  TABLESPACE "USERS" ENABLE STORAGE IN ROW CHUNK 8192
  NOCACHE LOGGING  NOCOMPRESS  KEEP_DUPLICATES 
  STORAGE(INITIAL 106496 NEXT 1048576 MINEXTENTS 1 MAXEXTENTS 2147483645
  PCTINCREASE 0
  BUFFER_POOL DEFAULT FLASH_CACHE DEFAULT CELL_FLASH_CACHE DEFAULT)) ;
--------------------------------------------------------
--  DDL for Table LIBRO
--------------------------------------------------------

  CREATE TABLE "LIBRO" 
   (	"ID" NUMBER(19,0) GENERATED BY DEFAULT ON NULL AS IDENTITY MINVALUE 1 MAXVALUE 9999999999999999999999999999 INCREMENT BY 1 START WITH 1 CACHE 20 NOORDER  NOCYCLE  NOKEEP  NOSCALE , 
	"NOMBRE" NVARCHAR2(50), 
	"AUTOR" NVARCHAR2(50), 
	"EDITORIAL" NVARCHAR2(50), 
	"PRECIO" NUMBER(11,0), 
	"STOCK" NUMBER(11,0), 
	"PROVEEDOR" NVARCHAR2(50)
   ) SEGMENT CREATION IMMEDIATE 
  PCTFREE 10 PCTUSED 40 INITRANS 1 MAXTRANS 255 
 NOCOMPRESS LOGGING
  STORAGE(INITIAL 65536 NEXT 1048576 MINEXTENTS 1 MAXEXTENTS 2147483645
  PCTINCREASE 0 FREELISTS 1 FREELIST GROUPS 1
  BUFFER_POOL DEFAULT FLASH_CACHE DEFAULT CELL_FLASH_CACHE DEFAULT)
  TABLESPACE "USERS" ;
--------------------------------------------------------
--  DDL for Table MATERIALES
--------------------------------------------------------

  CREATE TABLE "MATERIALES" 
   (	"ID" NUMBER(19,0) GENERATED BY DEFAULT ON NULL AS IDENTITY MINVALUE 1 MAXVALUE 9999999999999999999999999999 INCREMENT BY 1 START WITH 1 CACHE 20 NOORDER  NOCYCLE  NOKEEP  NOSCALE , 
	"NOMBRE" NVARCHAR2(30), 
	"STOCK" NUMBER(11,0), 
	"TECNICO_ID" NUMBER(19,0)
   ) SEGMENT CREATION DEFERRED 
  PCTFREE 10 PCTUSED 40 INITRANS 1 MAXTRANS 255 
 NOCOMPRESS LOGGING
  TABLESPACE "USERS" ;
--------------------------------------------------------
--  DDL for Table PAGO
--------------------------------------------------------

  CREATE TABLE "PAGO" 
   (	"ID" NUMBER(19,0) GENERATED BY DEFAULT ON NULL AS IDENTITY MINVALUE 1 MAXVALUE 9999999999999999999999999999 INCREMENT BY 1 START WITH 1 CACHE 20 NOORDER  NOCYCLE  NOKEEP  NOSCALE , 
	"TOTAL" NUMBER(11,0), 
	"VENTA_ID" NUMBER(19,0)
   ) SEGMENT CREATION IMMEDIATE 
  PCTFREE 10 PCTUSED 40 INITRANS 1 MAXTRANS 255 
 NOCOMPRESS LOGGING
  STORAGE(INITIAL 65536 NEXT 1048576 MINEXTENTS 1 MAXEXTENTS 2147483645
  PCTINCREASE 0 FREELISTS 1 FREELIST GROUPS 1
  BUFFER_POOL DEFAULT FLASH_CACHE DEFAULT CELL_FLASH_CACHE DEFAULT)
  TABLESPACE "USERS" ;
--------------------------------------------------------
--  DDL for Table SERVICIO
--------------------------------------------------------

  CREATE TABLE "SERVICIO" 
   (	"ID" NUMBER(19,0) GENERATED BY DEFAULT ON NULL AS IDENTITY MINVALUE 1 MAXVALUE 9999999999999999999999999999 INCREMENT BY 1 START WITH 1 CACHE 20 NOORDER  NOCYCLE  NOKEEP  NOSCALE , 
	"FECHA_SERVICIO" TIMESTAMP (6), 
	"DIRECCION_SERVICIO" NVARCHAR2(80), 
	"DETALLE_SERVICIO" NVARCHAR2(200), 
	"CLIENTE_ID" NUMBER(19,0), 
	"TECNICO_ID" NUMBER(19,0), 
	"TIPO_ID" NUMBER(19,0)
   ) SEGMENT CREATION DEFERRED 
  PCTFREE 10 PCTUSED 40 INITRANS 1 MAXTRANS 255 
 NOCOMPRESS LOGGING
  TABLESPACE "USERS" ;
--------------------------------------------------------
--  DDL for Table TIPO
--------------------------------------------------------

  CREATE TABLE "TIPO" 
   (	"ID" NUMBER(19,0) GENERATED BY DEFAULT ON NULL AS IDENTITY MINVALUE 1 MAXVALUE 9999999999999999999999999999 INCREMENT BY 1 START WITH 1 CACHE 20 NOORDER  NOCYCLE  NOKEEP  NOSCALE , 
	"TIPO" NVARCHAR2(40)
   ) SEGMENT CREATION DEFERRED 
  PCTFREE 10 PCTUSED 40 INITRANS 1 MAXTRANS 255 
 NOCOMPRESS LOGGING
  TABLESPACE "USERS" ;
--------------------------------------------------------
--  DDL for Table VENTA
--------------------------------------------------------

  CREATE TABLE "VENTA" 
   (	"ID" NUMBER(19,0) GENERATED BY DEFAULT ON NULL AS IDENTITY MINVALUE 1 MAXVALUE 9999999999999999999999999999 INCREMENT BY 1 START WITH 1 CACHE 20 NOORDER  NOCYCLE  NOKEEP  NOSCALE , 
	"FECHA_VENTA" DATE, 
	"TOTAL" NUMBER(11,0), 
	"CLIENTE_ID" NUMBER(19,0), 
	"EMPLEADO_ID" NUMBER(19,0)
   ) SEGMENT CREATION IMMEDIATE 
  PCTFREE 10 PCTUSED 40 INITRANS 1 MAXTRANS 255 
 NOCOMPRESS LOGGING
  STORAGE(INITIAL 65536 NEXT 1048576 MINEXTENTS 1 MAXEXTENTS 2147483645
  PCTINCREASE 0 FREELISTS 1 FREELIST GROUPS 1
  BUFFER_POOL DEFAULT FLASH_CACHE DEFAULT CELL_FLASH_CACHE DEFAULT)
  TABLESPACE "USERS" ;
REM INSERTING into APP_CLIENTE
SET DEFINE OFF;
Insert into APP_CLIENTE (ID,RUT,NOMBRE,APELLIDO,CORREO,DIRECCION,TELEFONO,USER_ID) values ('7','12222180-k','romaney','hernandez','roma@gmail.com','general arriagada 123','+56926598546','15');
REM INSERTING into APP_EMPLEADO
SET DEFINE OFF;
Insert into APP_EMPLEADO (ID,RUT,NOMBRE,APELLIDO,CORREO,DIRECCION,TELEFONO,CARGO,DEPARTAMENTO,USER_ID) values ('3','11630444-2','andres','garcia','garcia@gmail.com','macul 123','+569565333265','vendedor','ventas','14');
REM INSERTING into APP_TECNICO
SET DEFINE OFF;
Insert into APP_TECNICO (ID,RUT,NOMBRE,APELLIDO,CORREO,DIRECCION,TELEFONO,USER_ID) values ('21','18354777-3','orlando','echeverria','orla@gmail.com','turquesa 123','+56962365987','24');
REM INSERTING into AUTH_GROUP
SET DEFINE OFF;
REM INSERTING into AUTH_GROUP_PERMISSIONS
SET DEFINE OFF;
REM INSERTING into AUTH_PERMISSION
SET DEFINE OFF;
Insert into AUTH_PERMISSION (ID,NAME,CONTENT_TYPE_ID,CODENAME) values ('1','Can add log entry','1','add_logentry');
Insert into AUTH_PERMISSION (ID,NAME,CONTENT_TYPE_ID,CODENAME) values ('2','Can change log entry','1','change_logentry');
Insert into AUTH_PERMISSION (ID,NAME,CONTENT_TYPE_ID,CODENAME) values ('3','Can delete log entry','1','delete_logentry');
Insert into AUTH_PERMISSION (ID,NAME,CONTENT_TYPE_ID,CODENAME) values ('4','Can view log entry','1','view_logentry');
Insert into AUTH_PERMISSION (ID,NAME,CONTENT_TYPE_ID,CODENAME) values ('5','Can add permission','2','add_permission');
Insert into AUTH_PERMISSION (ID,NAME,CONTENT_TYPE_ID,CODENAME) values ('6','Can change permission','2','change_permission');
Insert into AUTH_PERMISSION (ID,NAME,CONTENT_TYPE_ID,CODENAME) values ('7','Can delete permission','2','delete_permission');
Insert into AUTH_PERMISSION (ID,NAME,CONTENT_TYPE_ID,CODENAME) values ('8','Can view permission','2','view_permission');
Insert into AUTH_PERMISSION (ID,NAME,CONTENT_TYPE_ID,CODENAME) values ('9','Can add group','3','add_group');
Insert into AUTH_PERMISSION (ID,NAME,CONTENT_TYPE_ID,CODENAME) values ('10','Can change group','3','change_group');
Insert into AUTH_PERMISSION (ID,NAME,CONTENT_TYPE_ID,CODENAME) values ('11','Can delete group','3','delete_group');
Insert into AUTH_PERMISSION (ID,NAME,CONTENT_TYPE_ID,CODENAME) values ('12','Can view group','3','view_group');
Insert into AUTH_PERMISSION (ID,NAME,CONTENT_TYPE_ID,CODENAME) values ('13','Can add user','4','add_user');
Insert into AUTH_PERMISSION (ID,NAME,CONTENT_TYPE_ID,CODENAME) values ('14','Can change user','4','change_user');
Insert into AUTH_PERMISSION (ID,NAME,CONTENT_TYPE_ID,CODENAME) values ('15','Can delete user','4','delete_user');
Insert into AUTH_PERMISSION (ID,NAME,CONTENT_TYPE_ID,CODENAME) values ('16','Can view user','4','view_user');
Insert into AUTH_PERMISSION (ID,NAME,CONTENT_TYPE_ID,CODENAME) values ('17','Can add content type','5','add_contenttype');
Insert into AUTH_PERMISSION (ID,NAME,CONTENT_TYPE_ID,CODENAME) values ('18','Can change content type','5','change_contenttype');
Insert into AUTH_PERMISSION (ID,NAME,CONTENT_TYPE_ID,CODENAME) values ('19','Can delete content type','5','delete_contenttype');
Insert into AUTH_PERMISSION (ID,NAME,CONTENT_TYPE_ID,CODENAME) values ('20','Can view content type','5','view_contenttype');
Insert into AUTH_PERMISSION (ID,NAME,CONTENT_TYPE_ID,CODENAME) values ('21','Can add session','6','add_session');
Insert into AUTH_PERMISSION (ID,NAME,CONTENT_TYPE_ID,CODENAME) values ('22','Can change session','6','change_session');
Insert into AUTH_PERMISSION (ID,NAME,CONTENT_TYPE_ID,CODENAME) values ('23','Can delete session','6','delete_session');
Insert into AUTH_PERMISSION (ID,NAME,CONTENT_TYPE_ID,CODENAME) values ('24','Can view session','6','view_session');
Insert into AUTH_PERMISSION (ID,NAME,CONTENT_TYPE_ID,CODENAME) values ('25','Can add cliente','7','add_cliente');
Insert into AUTH_PERMISSION (ID,NAME,CONTENT_TYPE_ID,CODENAME) values ('26','Can change cliente','7','change_cliente');
Insert into AUTH_PERMISSION (ID,NAME,CONTENT_TYPE_ID,CODENAME) values ('27','Can delete cliente','7','delete_cliente');
Insert into AUTH_PERMISSION (ID,NAME,CONTENT_TYPE_ID,CODENAME) values ('28','Can view cliente','7','view_cliente');
Insert into AUTH_PERMISSION (ID,NAME,CONTENT_TYPE_ID,CODENAME) values ('29','Can add empleado','8','add_empleado');
Insert into AUTH_PERMISSION (ID,NAME,CONTENT_TYPE_ID,CODENAME) values ('30','Can change empleado','8','change_empleado');
Insert into AUTH_PERMISSION (ID,NAME,CONTENT_TYPE_ID,CODENAME) values ('31','Can delete empleado','8','delete_empleado');
Insert into AUTH_PERMISSION (ID,NAME,CONTENT_TYPE_ID,CODENAME) values ('32','Can view empleado','8','view_empleado');
Insert into AUTH_PERMISSION (ID,NAME,CONTENT_TYPE_ID,CODENAME) values ('33','Can add libro','9','add_libro');
Insert into AUTH_PERMISSION (ID,NAME,CONTENT_TYPE_ID,CODENAME) values ('34','Can change libro','9','change_libro');
Insert into AUTH_PERMISSION (ID,NAME,CONTENT_TYPE_ID,CODENAME) values ('35','Can delete libro','9','delete_libro');
Insert into AUTH_PERMISSION (ID,NAME,CONTENT_TYPE_ID,CODENAME) values ('36','Can view libro','9','view_libro');
Insert into AUTH_PERMISSION (ID,NAME,CONTENT_TYPE_ID,CODENAME) values ('37','Can add tipo','10','add_tipo');
Insert into AUTH_PERMISSION (ID,NAME,CONTENT_TYPE_ID,CODENAME) values ('38','Can change tipo','10','change_tipo');
Insert into AUTH_PERMISSION (ID,NAME,CONTENT_TYPE_ID,CODENAME) values ('39','Can delete tipo','10','delete_tipo');
Insert into AUTH_PERMISSION (ID,NAME,CONTENT_TYPE_ID,CODENAME) values ('40','Can view tipo','10','view_tipo');
Insert into AUTH_PERMISSION (ID,NAME,CONTENT_TYPE_ID,CODENAME) values ('41','Can add venta','11','add_venta');
Insert into AUTH_PERMISSION (ID,NAME,CONTENT_TYPE_ID,CODENAME) values ('42','Can change venta','11','change_venta');
Insert into AUTH_PERMISSION (ID,NAME,CONTENT_TYPE_ID,CODENAME) values ('43','Can delete venta','11','delete_venta');
Insert into AUTH_PERMISSION (ID,NAME,CONTENT_TYPE_ID,CODENAME) values ('44','Can view venta','11','view_venta');
Insert into AUTH_PERMISSION (ID,NAME,CONTENT_TYPE_ID,CODENAME) values ('45','Can add tecnico','12','add_tecnico');
Insert into AUTH_PERMISSION (ID,NAME,CONTENT_TYPE_ID,CODENAME) values ('46','Can change tecnico','12','change_tecnico');
Insert into AUTH_PERMISSION (ID,NAME,CONTENT_TYPE_ID,CODENAME) values ('47','Can delete tecnico','12','delete_tecnico');
Insert into AUTH_PERMISSION (ID,NAME,CONTENT_TYPE_ID,CODENAME) values ('48','Can view tecnico','12','view_tecnico');
Insert into AUTH_PERMISSION (ID,NAME,CONTENT_TYPE_ID,CODENAME) values ('49','Can add servicio','13','add_servicio');
Insert into AUTH_PERMISSION (ID,NAME,CONTENT_TYPE_ID,CODENAME) values ('50','Can change servicio','13','change_servicio');
Insert into AUTH_PERMISSION (ID,NAME,CONTENT_TYPE_ID,CODENAME) values ('51','Can delete servicio','13','delete_servicio');
Insert into AUTH_PERMISSION (ID,NAME,CONTENT_TYPE_ID,CODENAME) values ('52','Can view servicio','13','view_servicio');
Insert into AUTH_PERMISSION (ID,NAME,CONTENT_TYPE_ID,CODENAME) values ('53','Can add pago','14','add_pago');
Insert into AUTH_PERMISSION (ID,NAME,CONTENT_TYPE_ID,CODENAME) values ('54','Can change pago','14','change_pago');
Insert into AUTH_PERMISSION (ID,NAME,CONTENT_TYPE_ID,CODENAME) values ('55','Can delete pago','14','delete_pago');
Insert into AUTH_PERMISSION (ID,NAME,CONTENT_TYPE_ID,CODENAME) values ('56','Can view pago','14','view_pago');
Insert into AUTH_PERMISSION (ID,NAME,CONTENT_TYPE_ID,CODENAME) values ('57','Can add materiales','15','add_materiales');
Insert into AUTH_PERMISSION (ID,NAME,CONTENT_TYPE_ID,CODENAME) values ('58','Can change materiales','15','change_materiales');
Insert into AUTH_PERMISSION (ID,NAME,CONTENT_TYPE_ID,CODENAME) values ('59','Can delete materiales','15','delete_materiales');
Insert into AUTH_PERMISSION (ID,NAME,CONTENT_TYPE_ID,CODENAME) values ('60','Can view materiales','15','view_materiales');
Insert into AUTH_PERMISSION (ID,NAME,CONTENT_TYPE_ID,CODENAME) values ('61','Can add detalle venta','16','add_detalleventa');
Insert into AUTH_PERMISSION (ID,NAME,CONTENT_TYPE_ID,CODENAME) values ('62','Can change detalle venta','16','change_detalleventa');
Insert into AUTH_PERMISSION (ID,NAME,CONTENT_TYPE_ID,CODENAME) values ('63','Can delete detalle venta','16','delete_detalleventa');
Insert into AUTH_PERMISSION (ID,NAME,CONTENT_TYPE_ID,CODENAME) values ('64','Can view detalle venta','16','view_detalleventa');
Insert into AUTH_PERMISSION (ID,NAME,CONTENT_TYPE_ID,CODENAME) values ('65','Can add cotizaciones','17','add_cotizaciones');
Insert into AUTH_PERMISSION (ID,NAME,CONTENT_TYPE_ID,CODENAME) values ('66','Can change cotizaciones','17','change_cotizaciones');
Insert into AUTH_PERMISSION (ID,NAME,CONTENT_TYPE_ID,CODENAME) values ('67','Can delete cotizaciones','17','delete_cotizaciones');
Insert into AUTH_PERMISSION (ID,NAME,CONTENT_TYPE_ID,CODENAME) values ('68','Can view cotizaciones','17','view_cotizaciones');
Insert into AUTH_PERMISSION (ID,NAME,CONTENT_TYPE_ID,CODENAME) values ('69','Can add carrito','18','add_carrito');
Insert into AUTH_PERMISSION (ID,NAME,CONTENT_TYPE_ID,CODENAME) values ('70','Can change carrito','18','change_carrito');
Insert into AUTH_PERMISSION (ID,NAME,CONTENT_TYPE_ID,CODENAME) values ('71','Can delete carrito','18','delete_carrito');
Insert into AUTH_PERMISSION (ID,NAME,CONTENT_TYPE_ID,CODENAME) values ('72','Can view carrito','18','view_carrito');
REM INSERTING into AUTH_USER
SET DEFINE OFF;
Insert into AUTH_USER (ID,PASSWORD,LAST_LOGIN,IS_SUPERUSER,USERNAME,FIRST_NAME,LAST_NAME,EMAIL,IS_STAFF,IS_ACTIVE,DATE_JOINED) values ('14','pbkdf2_sha256$320000$om6k4p7zm924fq1XNwZK0O$kmrwUcGp8DpMwmTch6PO6fylZqj4B9KkXy4A866Nd2I=',to_timestamp('23/06/23 01:28:53,497211000','DD/MM/RR HH24:MI:SSXFF'),'0','empleado1','andres','garcia','garcia@gmail.com','0','1',to_timestamp('19/06/23 20:20:09,984256000','DD/MM/RR HH24:MI:SSXFF'));
Insert into AUTH_USER (ID,PASSWORD,LAST_LOGIN,IS_SUPERUSER,USERNAME,FIRST_NAME,LAST_NAME,EMAIL,IS_STAFF,IS_ACTIVE,DATE_JOINED) values ('24','pbkdf2_sha256$320000$FH3e2UrWSUYfByoAqpMbvj$dUUs04wbfJK519bkfDnxttsZsIugr/DX9ogY2G1AHfs=',null,'0','ttttt','orlando','echeverria','orla@gmail.com','0','1',to_timestamp('23/06/23 01:41:23,908334000','DD/MM/RR HH24:MI:SSXFF'));
Insert into AUTH_USER (ID,PASSWORD,LAST_LOGIN,IS_SUPERUSER,USERNAME,FIRST_NAME,LAST_NAME,EMAIL,IS_STAFF,IS_ACTIVE,DATE_JOINED) values ('15','pbkdf2_sha256$320000$tJGjOTgOivfzoY7AHAoTkB$xbKeyeTkMOsjkZPBRBxsjHjRPxJgENBklzfkxtsSFaI=',to_timestamp('23/06/23 01:05:27,169059000','DD/MM/RR HH24:MI:SSXFF'),'0','cliente1','romaney','hernandez','roma@gmail.com','0','1',to_timestamp('19/06/23 20:39:01,684730000','DD/MM/RR HH24:MI:SSXFF'));
Insert into AUTH_USER (ID,PASSWORD,LAST_LOGIN,IS_SUPERUSER,USERNAME,FIRST_NAME,LAST_NAME,EMAIL,IS_STAFF,IS_ACTIVE,DATE_JOINED) values ('21','pbkdf2_sha256$320000$S5QGQCc3Jdwsin9YRicwaN$Z+FJQ8/4yCT0gUKqfs/aypsuhew6YFZqf6FpO8oFesw=',to_timestamp('23/06/23 02:05:36,639402000','DD/MM/RR HH24:MI:SSXFF'),'1','admin',null,null,'admin@gmail.com','1','1',to_timestamp('20/06/23 21:06:38,034643000','DD/MM/RR HH24:MI:SSXFF'));
REM INSERTING into AUTH_USER_GROUPS
SET DEFINE OFF;
REM INSERTING into AUTH_USER_USER_PERMISSIONS
SET DEFINE OFF;
REM INSERTING into CARRITO
SET DEFINE OFF;
REM INSERTING into COTIZACIONES
SET DEFINE OFF;
REM INSERTING into DETALLE_VENTA
SET DEFINE OFF;
REM INSERTING into DJANGO_ADMIN_LOG
SET DEFINE OFF;
REM INSERTING into DJANGO_CONTENT_TYPE
SET DEFINE OFF;
Insert into DJANGO_CONTENT_TYPE (ID,APP_LABEL,MODEL) values ('1','admin','logentry');
Insert into DJANGO_CONTENT_TYPE (ID,APP_LABEL,MODEL) values ('2','auth','permission');
Insert into DJANGO_CONTENT_TYPE (ID,APP_LABEL,MODEL) values ('3','auth','group');
Insert into DJANGO_CONTENT_TYPE (ID,APP_LABEL,MODEL) values ('4','auth','user');
Insert into DJANGO_CONTENT_TYPE (ID,APP_LABEL,MODEL) values ('5','contenttypes','contenttype');
Insert into DJANGO_CONTENT_TYPE (ID,APP_LABEL,MODEL) values ('6','sessions','session');
Insert into DJANGO_CONTENT_TYPE (ID,APP_LABEL,MODEL) values ('7','app','cliente');
Insert into DJANGO_CONTENT_TYPE (ID,APP_LABEL,MODEL) values ('8','app','empleado');
Insert into DJANGO_CONTENT_TYPE (ID,APP_LABEL,MODEL) values ('9','app','libro');
Insert into DJANGO_CONTENT_TYPE (ID,APP_LABEL,MODEL) values ('10','app','tipo');
Insert into DJANGO_CONTENT_TYPE (ID,APP_LABEL,MODEL) values ('11','app','venta');
Insert into DJANGO_CONTENT_TYPE (ID,APP_LABEL,MODEL) values ('12','app','tecnico');
Insert into DJANGO_CONTENT_TYPE (ID,APP_LABEL,MODEL) values ('13','app','servicio');
Insert into DJANGO_CONTENT_TYPE (ID,APP_LABEL,MODEL) values ('14','app','pago');
Insert into DJANGO_CONTENT_TYPE (ID,APP_LABEL,MODEL) values ('15','app','materiales');
Insert into DJANGO_CONTENT_TYPE (ID,APP_LABEL,MODEL) values ('16','app','detalleventa');
Insert into DJANGO_CONTENT_TYPE (ID,APP_LABEL,MODEL) values ('17','app','cotizaciones');
Insert into DJANGO_CONTENT_TYPE (ID,APP_LABEL,MODEL) values ('18','app','carrito');
REM INSERTING into DJANGO_MIGRATIONS
SET DEFINE OFF;
Insert into DJANGO_MIGRATIONS (ID,APP,NAME,APPLIED) values ('1','contenttypes','0001_initial',to_timestamp('18/06/23 03:06:13,790067000','DD/MM/RR HH24:MI:SSXFF'));
Insert into DJANGO_MIGRATIONS (ID,APP,NAME,APPLIED) values ('2','auth','0001_initial',to_timestamp('18/06/23 03:06:14,071311000','DD/MM/RR HH24:MI:SSXFF'));
Insert into DJANGO_MIGRATIONS (ID,APP,NAME,APPLIED) values ('3','admin','0001_initial',to_timestamp('18/06/23 03:06:14,225898000','DD/MM/RR HH24:MI:SSXFF'));
Insert into DJANGO_MIGRATIONS (ID,APP,NAME,APPLIED) values ('4','admin','0002_logentry_remove_auto_add',to_timestamp('18/06/23 03:06:14,283743000','DD/MM/RR HH24:MI:SSXFF'));
Insert into DJANGO_MIGRATIONS (ID,APP,NAME,APPLIED) values ('5','admin','0003_logentry_add_action_flag_choices',to_timestamp('18/06/23 03:06:14,325631000','DD/MM/RR HH24:MI:SSXFF'));
Insert into DJANGO_MIGRATIONS (ID,APP,NAME,APPLIED) values ('6','app','0001_initial',to_timestamp('18/06/23 03:06:14,837262000','DD/MM/RR HH24:MI:SSXFF'));
Insert into DJANGO_MIGRATIONS (ID,APP,NAME,APPLIED) values ('7','contenttypes','0002_remove_content_type_name',to_timestamp('18/06/23 03:06:15,402749000','DD/MM/RR HH24:MI:SSXFF'));
Insert into DJANGO_MIGRATIONS (ID,APP,NAME,APPLIED) values ('8','auth','0002_alter_permission_name_max_length',to_timestamp('18/06/23 03:06:15,500488000','DD/MM/RR HH24:MI:SSXFF'));
Insert into DJANGO_MIGRATIONS (ID,APP,NAME,APPLIED) values ('9','auth','0003_alter_user_email_max_length',to_timestamp('18/06/23 03:06:15,576285000','DD/MM/RR HH24:MI:SSXFF'));
Insert into DJANGO_MIGRATIONS (ID,APP,NAME,APPLIED) values ('10','auth','0004_alter_user_username_opts',to_timestamp('18/06/23 03:06:15,628147000','DD/MM/RR HH24:MI:SSXFF'));
Insert into DJANGO_MIGRATIONS (ID,APP,NAME,APPLIED) values ('11','auth','0005_alter_user_last_login_null',to_timestamp('18/06/23 03:06:15,709928000','DD/MM/RR HH24:MI:SSXFF'));
Insert into DJANGO_MIGRATIONS (ID,APP,NAME,APPLIED) values ('12','auth','0006_require_contenttypes_0002',to_timestamp('18/06/23 03:06:15,740846000','DD/MM/RR HH24:MI:SSXFF'));
Insert into DJANGO_MIGRATIONS (ID,APP,NAME,APPLIED) values ('13','auth','0007_alter_validators_add_error_messages',to_timestamp('18/06/23 03:06:15,793705000','DD/MM/RR HH24:MI:SSXFF'));
Insert into DJANGO_MIGRATIONS (ID,APP,NAME,APPLIED) values ('14','auth','0008_alter_user_username_max_length',to_timestamp('18/06/23 03:06:15,907399000','DD/MM/RR HH24:MI:SSXFF'));
Insert into DJANGO_MIGRATIONS (ID,APP,NAME,APPLIED) values ('15','auth','0009_alter_user_last_name_max_length',to_timestamp('18/06/23 03:06:15,999154000','DD/MM/RR HH24:MI:SSXFF'));
Insert into DJANGO_MIGRATIONS (ID,APP,NAME,APPLIED) values ('16','auth','0010_alter_group_name_max_length',to_timestamp('18/06/23 03:06:16,091906000','DD/MM/RR HH24:MI:SSXFF'));
Insert into DJANGO_MIGRATIONS (ID,APP,NAME,APPLIED) values ('17','auth','0011_update_proxy_permissions',to_timestamp('18/06/23 03:06:16,146759000','DD/MM/RR HH24:MI:SSXFF'));
Insert into DJANGO_MIGRATIONS (ID,APP,NAME,APPLIED) values ('18','auth','0012_alter_user_first_name_max_length',to_timestamp('18/06/23 03:06:16,226546000','DD/MM/RR HH24:MI:SSXFF'));
Insert into DJANGO_MIGRATIONS (ID,APP,NAME,APPLIED) values ('19','sessions','0001_initial',to_timestamp('18/06/23 03:06:16,283394000','DD/MM/RR HH24:MI:SSXFF'));
REM INSERTING into DJANGO_SESSION
SET DEFINE OFF;
Insert into DJANGO_SESSION (SESSION_KEY,EXPIRE_DATE) values ('0x3cggn9oh1vhutpas98q27uei1q32ay',to_timestamp('04/07/23 19:27:00,622362000','DD/MM/RR HH24:MI:SSXFF'));
Insert into DJANGO_SESSION (SESSION_KEY,EXPIRE_DATE) values ('1xojg3t3umzyu9x50eotjovf3xauxjuw',to_timestamp('02/07/23 03:24:39,882003000','DD/MM/RR HH24:MI:SSXFF'));
Insert into DJANGO_SESSION (SESSION_KEY,EXPIRE_DATE) values ('3aspnf2cs20pwjz8d1owpseqf1lb4u4a',to_timestamp('04/07/23 19:35:17,571089000','DD/MM/RR HH24:MI:SSXFF'));
Insert into DJANGO_SESSION (SESSION_KEY,EXPIRE_DATE) values ('86d30lqjewhmm8fu4avuz9exax7ey06s',to_timestamp('04/07/23 20:22:22,429500000','DD/MM/RR HH24:MI:SSXFF'));
Insert into DJANGO_SESSION (SESSION_KEY,EXPIRE_DATE) values ('8qanplie2x8b4yfoohfva7zqm92vcjir',to_timestamp('02/07/23 03:17:39,344057000','DD/MM/RR HH24:MI:SSXFF'));
Insert into DJANGO_SESSION (SESSION_KEY,EXPIRE_DATE) values ('bpogs17vm2guzdknu6zydmoo0mgttgww',to_timestamp('07/07/23 02:01:57,260144000','DD/MM/RR HH24:MI:SSXFF'));
Insert into DJANGO_SESSION (SESSION_KEY,EXPIRE_DATE) values ('exu53jbbgvd4euy5y8aiwbzxht0twyhu',to_timestamp('02/07/23 03:11:25,971760000','DD/MM/RR HH24:MI:SSXFF'));
Insert into DJANGO_SESSION (SESSION_KEY,EXPIRE_DATE) values ('f35kjjfsaww2gpkhovonxblntngr8q18',to_timestamp('02/07/23 03:19:28,449660000','DD/MM/RR HH24:MI:SSXFF'));
Insert into DJANGO_SESSION (SESSION_KEY,EXPIRE_DATE) values ('fusbt8k0xte6gbaqapty1ud0pqtzkqp5',to_timestamp('04/07/23 20:19:00,360613000','DD/MM/RR HH24:MI:SSXFF'));
Insert into DJANGO_SESSION (SESSION_KEY,EXPIRE_DATE) values ('ktumqq1t7cmm4hin6ez2jq439jbkk07w',to_timestamp('02/07/23 03:18:44,084922000','DD/MM/RR HH24:MI:SSXFF'));
Insert into DJANGO_SESSION (SESSION_KEY,EXPIRE_DATE) values ('mf9a0rvntb5pl61vip8lmgnx0334ikxy',to_timestamp('02/07/23 03:10:40,790745000','DD/MM/RR HH24:MI:SSXFF'));
Insert into DJANGO_SESSION (SESSION_KEY,EXPIRE_DATE) values ('p5vziamisiugyrpdd87b2lnts5t28vf1',to_timestamp('02/07/23 03:13:01,971278000','DD/MM/RR HH24:MI:SSXFF'));
Insert into DJANGO_SESSION (SESSION_KEY,EXPIRE_DATE) values ('tyc7xwjatsfalctxvjwci5186r7l5r7i',to_timestamp('04/07/23 20:36:58,406204000','DD/MM/RR HH24:MI:SSXFF'));
Insert into DJANGO_SESSION (SESSION_KEY,EXPIRE_DATE) values ('uls3riehmxo4g9vn64wiiuqv18ejkco2',to_timestamp('04/07/23 20:24:24,099782000','DD/MM/RR HH24:MI:SSXFF'));
Insert into DJANGO_SESSION (SESSION_KEY,EXPIRE_DATE) values ('wuy30vtmksbsjscpnrit9h0r8c49n3wb',to_timestamp('03/07/23 23:46:29,651284000','DD/MM/RR HH24:MI:SSXFF'));
REM INSERTING into LIBRO
SET DEFINE OFF;
Insert into LIBRO (ID,NOMBRE,AUTOR,EDITORIAL,PRECIO,STOCK,PROVEEDOR) values ('1','harry potter','jk rowling','perseo','1000','15','imagina');
Insert into LIBRO (ID,NOMBRE,AUTOR,EDITORIAL,PRECIO,STOCK,PROVEEDOR) values ('2','papelucho','pepeto','magic','500','13','imagina');
REM INSERTING into MATERIALES
SET DEFINE OFF;
REM INSERTING into PAGO
SET DEFINE OFF;
REM INSERTING into SERVICIO
SET DEFINE OFF;
REM INSERTING into TIPO
SET DEFINE OFF;
REM INSERTING into VENTA
SET DEFINE OFF;
--------------------------------------------------------
--  DDL for Index AUTH_GROU_GROUP_ID__0CD325B0_U
--------------------------------------------------------

  CREATE UNIQUE INDEX "AUTH_GROU_GROUP_ID__0CD325B0_U" ON "AUTH_GROUP_PERMISSIONS" ("GROUP_ID", "PERMISSION_ID") 
  PCTFREE 10 INITRANS 2 MAXTRANS 255 COMPUTE STATISTICS 
  TABLESPACE "USERS" ;
--------------------------------------------------------
--  DDL for Index AUTH_GROUP_GROUP_ID_B120CBF9
--------------------------------------------------------

  CREATE INDEX "AUTH_GROUP_GROUP_ID_B120CBF9" ON "AUTH_GROUP_PERMISSIONS" ("GROUP_ID") 
  PCTFREE 10 INITRANS 2 MAXTRANS 255 COMPUTE STATISTICS 
  TABLESPACE "USERS" ;
--------------------------------------------------------
--  DDL for Index AUTH_GROUP_PERMISSION_84C5C92E
--------------------------------------------------------

  CREATE INDEX "AUTH_GROUP_PERMISSION_84C5C92E" ON "AUTH_GROUP_PERMISSIONS" ("PERMISSION_ID") 
  PCTFREE 10 INITRANS 2 MAXTRANS 255 COMPUTE STATISTICS 
  TABLESPACE "USERS" ;
--------------------------------------------------------
--  DDL for Index AUTH_PERM_CONTENT_T_01AB375A_U
--------------------------------------------------------

  CREATE UNIQUE INDEX "AUTH_PERM_CONTENT_T_01AB375A_U" ON "AUTH_PERMISSION" ("CONTENT_TYPE_ID", "CODENAME") 
  PCTFREE 10 INITRANS 2 MAXTRANS 255 COMPUTE STATISTICS 
  STORAGE(INITIAL 65536 NEXT 1048576 MINEXTENTS 1 MAXEXTENTS 2147483645
  PCTINCREASE 0 FREELISTS 1 FREELIST GROUPS 1
  BUFFER_POOL DEFAULT FLASH_CACHE DEFAULT CELL_FLASH_CACHE DEFAULT)
  TABLESPACE "USERS" ;
--------------------------------------------------------
--  DDL for Index AUTH_PERMI_CONTENT_TY_2F476E4B
--------------------------------------------------------

  CREATE INDEX "AUTH_PERMI_CONTENT_TY_2F476E4B" ON "AUTH_PERMISSION" ("CONTENT_TYPE_ID") 
  PCTFREE 10 INITRANS 2 MAXTRANS 255 COMPUTE STATISTICS 
  STORAGE(INITIAL 65536 NEXT 1048576 MINEXTENTS 1 MAXEXTENTS 2147483645
  PCTINCREASE 0 FREELISTS 1 FREELIST GROUPS 1
  BUFFER_POOL DEFAULT FLASH_CACHE DEFAULT CELL_FLASH_CACHE DEFAULT)
  TABLESPACE "USERS" ;
--------------------------------------------------------
--  DDL for Index AUTH_USER__GROUP_ID_97559544
--------------------------------------------------------

  CREATE INDEX "AUTH_USER__GROUP_ID_97559544" ON "AUTH_USER_GROUPS" ("GROUP_ID") 
  PCTFREE 10 INITRANS 2 MAXTRANS 255 COMPUTE STATISTICS 
  TABLESPACE "USERS" ;
--------------------------------------------------------
--  DDL for Index AUTH_USER__PERMISSION_1FBB5F2C
--------------------------------------------------------

  CREATE INDEX "AUTH_USER__PERMISSION_1FBB5F2C" ON "AUTH_USER_USER_PERMISSIONS" ("PERMISSION_ID") 
  PCTFREE 10 INITRANS 2 MAXTRANS 255 COMPUTE STATISTICS 
  TABLESPACE "USERS" ;
--------------------------------------------------------
--  DDL for Index AUTH_USER__USER_ID_A95EAD1B
--------------------------------------------------------

  CREATE INDEX "AUTH_USER__USER_ID_A95EAD1B" ON "AUTH_USER_USER_PERMISSIONS" ("USER_ID") 
  PCTFREE 10 INITRANS 2 MAXTRANS 255 COMPUTE STATISTICS 
  TABLESPACE "USERS" ;
--------------------------------------------------------
--  DDL for Index AUTH_USER_USER_ID_G_94350C0C_U
--------------------------------------------------------

  CREATE UNIQUE INDEX "AUTH_USER_USER_ID_G_94350C0C_U" ON "AUTH_USER_GROUPS" ("USER_ID", "GROUP_ID") 
  PCTFREE 10 INITRANS 2 MAXTRANS 255 COMPUTE STATISTICS 
  TABLESPACE "USERS" ;
--------------------------------------------------------
--  DDL for Index AUTH_USER_USER_ID_P_14A6B632_U
--------------------------------------------------------

  CREATE UNIQUE INDEX "AUTH_USER_USER_ID_P_14A6B632_U" ON "AUTH_USER_USER_PERMISSIONS" ("USER_ID", "PERMISSION_ID") 
  PCTFREE 10 INITRANS 2 MAXTRANS 255 COMPUTE STATISTICS 
  TABLESPACE "USERS" ;
--------------------------------------------------------
--  DDL for Index AUTH_USER__USER_ID_6A12ED8B
--------------------------------------------------------

  CREATE INDEX "AUTH_USER__USER_ID_6A12ED8B" ON "AUTH_USER_GROUPS" ("USER_ID") 
  PCTFREE 10 INITRANS 2 MAXTRANS 255 COMPUTE STATISTICS 
  TABLESPACE "USERS" ;
--------------------------------------------------------
--  DDL for Index CARRITO_LIBRO_ID_C5C929F2
--------------------------------------------------------

  CREATE INDEX "CARRITO_LIBRO_ID_C5C929F2" ON "CARRITO" ("LIBRO_ID") 
  PCTFREE 10 INITRANS 2 MAXTRANS 255 COMPUTE STATISTICS 
  STORAGE(INITIAL 65536 NEXT 1048576 MINEXTENTS 1 MAXEXTENTS 2147483645
  PCTINCREASE 0 FREELISTS 1 FREELIST GROUPS 1
  BUFFER_POOL DEFAULT FLASH_CACHE DEFAULT CELL_FLASH_CACHE DEFAULT)
  TABLESPACE "USERS" ;
--------------------------------------------------------
--  DDL for Index CARRITO_USUARIO_ID_55385271
--------------------------------------------------------

  CREATE INDEX "CARRITO_USUARIO_ID_55385271" ON "CARRITO" ("USUARIO_ID") 
  PCTFREE 10 INITRANS 2 MAXTRANS 255 COMPUTE STATISTICS 
  STORAGE(INITIAL 65536 NEXT 1048576 MINEXTENTS 1 MAXEXTENTS 2147483645
  PCTINCREASE 0 FREELISTS 1 FREELIST GROUPS 1
  BUFFER_POOL DEFAULT FLASH_CACHE DEFAULT CELL_FLASH_CACHE DEFAULT)
  TABLESPACE "USERS" ;
--------------------------------------------------------
--  DDL for Index COTIZACION_CLIENTE_ID_BA3CCD56
--------------------------------------------------------

  CREATE INDEX "COTIZACION_CLIENTE_ID_BA3CCD56" ON "COTIZACIONES" ("CLIENTE_ID") 
  PCTFREE 10 INITRANS 2 MAXTRANS 255 COMPUTE STATISTICS 
  TABLESPACE "USERS" ;
--------------------------------------------------------
--  DDL for Index DETALLE_VE_LIBRO_ID_1C220CB4
--------------------------------------------------------

  CREATE INDEX "DETALLE_VE_LIBRO_ID_1C220CB4" ON "DETALLE_VENTA" ("LIBRO_ID") 
  PCTFREE 10 INITRANS 2 MAXTRANS 255 COMPUTE STATISTICS 
  TABLESPACE "USERS" ;
--------------------------------------------------------
--  DDL for Index DETALLE_VE_VENTA_ID_ECF1A1A3
--------------------------------------------------------

  CREATE INDEX "DETALLE_VE_VENTA_ID_ECF1A1A3" ON "DETALLE_VENTA" ("VENTA_ID") 
  PCTFREE 10 INITRANS 2 MAXTRANS 255 COMPUTE STATISTICS 
  TABLESPACE "USERS" ;
--------------------------------------------------------
--  DDL for Index DJANGO_ADM_CONTENT_TY_C4BCE8EB
--------------------------------------------------------

  CREATE INDEX "DJANGO_ADM_CONTENT_TY_C4BCE8EB" ON "DJANGO_ADMIN_LOG" ("CONTENT_TYPE_ID") 
  PCTFREE 10 INITRANS 2 MAXTRANS 255 COMPUTE STATISTICS 
  TABLESPACE "USERS" ;
--------------------------------------------------------
--  DDL for Index DJANGO_ADM_USER_ID_C564EBA6
--------------------------------------------------------

  CREATE INDEX "DJANGO_ADM_USER_ID_C564EBA6" ON "DJANGO_ADMIN_LOG" ("USER_ID") 
  PCTFREE 10 INITRANS 2 MAXTRANS 255 COMPUTE STATISTICS 
  TABLESPACE "USERS" ;
--------------------------------------------------------
--  DDL for Index DJANGO_CO_APP_LABEL_76BD3D3B_U
--------------------------------------------------------

  CREATE UNIQUE INDEX "DJANGO_CO_APP_LABEL_76BD3D3B_U" ON "DJANGO_CONTENT_TYPE" ("APP_LABEL", "MODEL") 
  PCTFREE 10 INITRANS 2 MAXTRANS 255 COMPUTE STATISTICS 
  STORAGE(INITIAL 65536 NEXT 1048576 MINEXTENTS 1 MAXEXTENTS 2147483645
  PCTINCREASE 0 FREELISTS 1 FREELIST GROUPS 1
  BUFFER_POOL DEFAULT FLASH_CACHE DEFAULT CELL_FLASH_CACHE DEFAULT)
  TABLESPACE "USERS" ;
--------------------------------------------------------
--  DDL for Index DJANGO_SES_EXPIRE_DAT_A5C62663
--------------------------------------------------------

  CREATE INDEX "DJANGO_SES_EXPIRE_DAT_A5C62663" ON "DJANGO_SESSION" ("EXPIRE_DATE") 
  PCTFREE 10 INITRANS 2 MAXTRANS 255 COMPUTE STATISTICS 
  STORAGE(INITIAL 65536 NEXT 1048576 MINEXTENTS 1 MAXEXTENTS 2147483645
  PCTINCREASE 0 FREELISTS 1 FREELIST GROUPS 1
  BUFFER_POOL DEFAULT FLASH_CACHE DEFAULT CELL_FLASH_CACHE DEFAULT)
  TABLESPACE "USERS" ;
--------------------------------------------------------
--  DDL for Index MATERIALES_TECNICO_ID_36582C97
--------------------------------------------------------

  CREATE INDEX "MATERIALES_TECNICO_ID_36582C97" ON "MATERIALES" ("TECNICO_ID") 
  PCTFREE 10 INITRANS 2 MAXTRANS 255 COMPUTE STATISTICS 
  TABLESPACE "USERS" ;
--------------------------------------------------------
--  DDL for Index PAGO_VENTA_ID_DE39C76C
--------------------------------------------------------

  CREATE INDEX "PAGO_VENTA_ID_DE39C76C" ON "PAGO" ("VENTA_ID") 
  PCTFREE 10 INITRANS 2 MAXTRANS 255 COMPUTE STATISTICS 
  STORAGE(INITIAL 65536 NEXT 1048576 MINEXTENTS 1 MAXEXTENTS 2147483645
  PCTINCREASE 0 FREELISTS 1 FREELIST GROUPS 1
  BUFFER_POOL DEFAULT FLASH_CACHE DEFAULT CELL_FLASH_CACHE DEFAULT)
  TABLESPACE "USERS" ;
--------------------------------------------------------
--  DDL for Index SERVICIO_CLIENTE_ID_D532ED46
--------------------------------------------------------

  CREATE INDEX "SERVICIO_CLIENTE_ID_D532ED46" ON "SERVICIO" ("CLIENTE_ID") 
  PCTFREE 10 INITRANS 2 MAXTRANS 255 COMPUTE STATISTICS 
  TABLESPACE "USERS" ;
--------------------------------------------------------
--  DDL for Index SERVICIO_TECNICO_ID_F5C27EDC
--------------------------------------------------------

  CREATE INDEX "SERVICIO_TECNICO_ID_F5C27EDC" ON "SERVICIO" ("TECNICO_ID") 
  PCTFREE 10 INITRANS 2 MAXTRANS 255 COMPUTE STATISTICS 
  TABLESPACE "USERS" ;
--------------------------------------------------------
--  DDL for Index SERVICIO_TIPO_ID_E7FC9128
--------------------------------------------------------

  CREATE INDEX "SERVICIO_TIPO_ID_E7FC9128" ON "SERVICIO" ("TIPO_ID") 
  PCTFREE 10 INITRANS 2 MAXTRANS 255 COMPUTE STATISTICS 
  TABLESPACE "USERS" ;
--------------------------------------------------------
--  DDL for Index SYS_C0020135
--------------------------------------------------------

  CREATE UNIQUE INDEX "SYS_C0020135" ON "DJANGO_MIGRATIONS" ("ID") 
  PCTFREE 10 INITRANS 2 MAXTRANS 255 COMPUTE STATISTICS 
  STORAGE(INITIAL 65536 NEXT 1048576 MINEXTENTS 1 MAXEXTENTS 2147483645
  PCTINCREASE 0 FREELISTS 1 FREELIST GROUPS 1
  BUFFER_POOL DEFAULT FLASH_CACHE DEFAULT CELL_FLASH_CACHE DEFAULT)
  TABLESPACE "USERS" ;
--------------------------------------------------------
--  DDL for Index SYS_C0020137
--------------------------------------------------------

  CREATE UNIQUE INDEX "SYS_C0020137" ON "DJANGO_CONTENT_TYPE" ("ID") 
  PCTFREE 10 INITRANS 2 MAXTRANS 255 COMPUTE STATISTICS 
  STORAGE(INITIAL 65536 NEXT 1048576 MINEXTENTS 1 MAXEXTENTS 2147483645
  PCTINCREASE 0 FREELISTS 1 FREELIST GROUPS 1
  BUFFER_POOL DEFAULT FLASH_CACHE DEFAULT CELL_FLASH_CACHE DEFAULT)
  TABLESPACE "USERS" ;
--------------------------------------------------------
--  DDL for Index SYS_C0020141
--------------------------------------------------------

  CREATE UNIQUE INDEX "SYS_C0020141" ON "AUTH_PERMISSION" ("ID") 
  PCTFREE 10 INITRANS 2 MAXTRANS 255 COMPUTE STATISTICS 
  STORAGE(INITIAL 65536 NEXT 1048576 MINEXTENTS 1 MAXEXTENTS 2147483645
  PCTINCREASE 0 FREELISTS 1 FREELIST GROUPS 1
  BUFFER_POOL DEFAULT FLASH_CACHE DEFAULT CELL_FLASH_CACHE DEFAULT)
  TABLESPACE "USERS" ;
--------------------------------------------------------
--  DDL for Index SYS_C0020143
--------------------------------------------------------

  CREATE UNIQUE INDEX "SYS_C0020143" ON "AUTH_GROUP" ("ID") 
  PCTFREE 10 INITRANS 2 MAXTRANS 255 COMPUTE STATISTICS 
  TABLESPACE "USERS" ;
--------------------------------------------------------
--  DDL for Index SYS_C0020144
--------------------------------------------------------

  CREATE UNIQUE INDEX "SYS_C0020144" ON "AUTH_GROUP" ("NAME") 
  PCTFREE 10 INITRANS 2 MAXTRANS 255 COMPUTE STATISTICS 
  TABLESPACE "USERS" ;
--------------------------------------------------------
--  DDL for Index SYS_C0020148
--------------------------------------------------------

  CREATE UNIQUE INDEX "SYS_C0020148" ON "AUTH_GROUP_PERMISSIONS" ("ID") 
  PCTFREE 10 INITRANS 2 MAXTRANS 255 COMPUTE STATISTICS 
  TABLESPACE "USERS" ;
--------------------------------------------------------
--  DDL for Index SYS_C0020158
--------------------------------------------------------

  CREATE UNIQUE INDEX "SYS_C0020158" ON "AUTH_USER" ("ID") 
  PCTFREE 10 INITRANS 2 MAXTRANS 255 COMPUTE STATISTICS 
  STORAGE(INITIAL 65536 NEXT 1048576 MINEXTENTS 1 MAXEXTENTS 2147483645
  PCTINCREASE 0 FREELISTS 1 FREELIST GROUPS 1
  BUFFER_POOL DEFAULT FLASH_CACHE DEFAULT CELL_FLASH_CACHE DEFAULT)
  TABLESPACE "USERS" ;
--------------------------------------------------------
--  DDL for Index SYS_C0020159
--------------------------------------------------------

  CREATE UNIQUE INDEX "SYS_C0020159" ON "AUTH_USER" ("USERNAME") 
  PCTFREE 10 INITRANS 2 MAXTRANS 255 COMPUTE STATISTICS 
  STORAGE(INITIAL 65536 NEXT 1048576 MINEXTENTS 1 MAXEXTENTS 2147483645
  PCTINCREASE 0 FREELISTS 1 FREELIST GROUPS 1
  BUFFER_POOL DEFAULT FLASH_CACHE DEFAULT CELL_FLASH_CACHE DEFAULT)
  TABLESPACE "USERS" ;
--------------------------------------------------------
--  DDL for Index SYS_C0020163
--------------------------------------------------------

  CREATE UNIQUE INDEX "SYS_C0020163" ON "AUTH_USER_GROUPS" ("ID") 
  PCTFREE 10 INITRANS 2 MAXTRANS 255 COMPUTE STATISTICS 
  TABLESPACE "USERS" ;
--------------------------------------------------------
--  DDL for Index SYS_C0020167
--------------------------------------------------------

  CREATE UNIQUE INDEX "SYS_C0020167" ON "AUTH_USER_USER_PERMISSIONS" ("ID") 
  PCTFREE 10 INITRANS 2 MAXTRANS 255 COMPUTE STATISTICS 
  TABLESPACE "USERS" ;
--------------------------------------------------------
--  DDL for Index SYS_C0020184
--------------------------------------------------------

  CREATE UNIQUE INDEX "SYS_C0020184" ON "DJANGO_ADMIN_LOG" ("ID") 
  PCTFREE 10 INITRANS 2 MAXTRANS 255 COMPUTE STATISTICS 
  TABLESPACE "USERS" ;
--------------------------------------------------------
--  DDL for Index SYS_C0020189
--------------------------------------------------------

  CREATE UNIQUE INDEX "SYS_C0020189" ON "APP_CLIENTE" ("ID") 
  PCTFREE 10 INITRANS 2 MAXTRANS 255 COMPUTE STATISTICS 
  STORAGE(INITIAL 65536 NEXT 1048576 MINEXTENTS 1 MAXEXTENTS 2147483645
  PCTINCREASE 0 FREELISTS 1 FREELIST GROUPS 1
  BUFFER_POOL DEFAULT FLASH_CACHE DEFAULT CELL_FLASH_CACHE DEFAULT)
  TABLESPACE "USERS" ;
--------------------------------------------------------
--  DDL for Index SYS_C0020190
--------------------------------------------------------

  CREATE UNIQUE INDEX "SYS_C0020190" ON "APP_CLIENTE" ("USER_ID") 
  PCTFREE 10 INITRANS 2 MAXTRANS 255 COMPUTE STATISTICS 
  STORAGE(INITIAL 65536 NEXT 1048576 MINEXTENTS 1 MAXEXTENTS 2147483645
  PCTINCREASE 0 FREELISTS 1 FREELIST GROUPS 1
  BUFFER_POOL DEFAULT FLASH_CACHE DEFAULT CELL_FLASH_CACHE DEFAULT)
  TABLESPACE "USERS" ;
--------------------------------------------------------
--  DDL for Index SYS_C0020193
--------------------------------------------------------

  CREATE UNIQUE INDEX "SYS_C0020193" ON "APP_EMPLEADO" ("ID") 
  PCTFREE 10 INITRANS 2 MAXTRANS 255 COMPUTE STATISTICS 
  STORAGE(INITIAL 65536 NEXT 1048576 MINEXTENTS 1 MAXEXTENTS 2147483645
  PCTINCREASE 0 FREELISTS 1 FREELIST GROUPS 1
  BUFFER_POOL DEFAULT FLASH_CACHE DEFAULT CELL_FLASH_CACHE DEFAULT)
  TABLESPACE "USERS" ;
--------------------------------------------------------
--  DDL for Index SYS_C0020194
--------------------------------------------------------

  CREATE UNIQUE INDEX "SYS_C0020194" ON "APP_EMPLEADO" ("USER_ID") 
  PCTFREE 10 INITRANS 2 MAXTRANS 255 COMPUTE STATISTICS 
  STORAGE(INITIAL 65536 NEXT 1048576 MINEXTENTS 1 MAXEXTENTS 2147483645
  PCTINCREASE 0 FREELISTS 1 FREELIST GROUPS 1
  BUFFER_POOL DEFAULT FLASH_CACHE DEFAULT CELL_FLASH_CACHE DEFAULT)
  TABLESPACE "USERS" ;
--------------------------------------------------------
--  DDL for Index SYS_C0020198
--------------------------------------------------------

  CREATE UNIQUE INDEX "SYS_C0020198" ON "LIBRO" ("ID") 
  PCTFREE 10 INITRANS 2 MAXTRANS 255 COMPUTE STATISTICS 
  STORAGE(INITIAL 65536 NEXT 1048576 MINEXTENTS 1 MAXEXTENTS 2147483645
  PCTINCREASE 0 FREELISTS 1 FREELIST GROUPS 1
  BUFFER_POOL DEFAULT FLASH_CACHE DEFAULT CELL_FLASH_CACHE DEFAULT)
  TABLESPACE "USERS" ;
--------------------------------------------------------
--  DDL for Index SYS_C0020200
--------------------------------------------------------

  CREATE UNIQUE INDEX "SYS_C0020200" ON "TIPO" ("ID") 
  PCTFREE 10 INITRANS 2 MAXTRANS 255 COMPUTE STATISTICS 
  TABLESPACE "USERS" ;
--------------------------------------------------------
--  DDL for Index SYS_C0020206
--------------------------------------------------------

  CREATE UNIQUE INDEX "SYS_C0020206" ON "VENTA" ("ID") 
  PCTFREE 10 INITRANS 2 MAXTRANS 255 COMPUTE STATISTICS 
  STORAGE(INITIAL 65536 NEXT 1048576 MINEXTENTS 1 MAXEXTENTS 2147483645
  PCTINCREASE 0 FREELISTS 1 FREELIST GROUPS 1
  BUFFER_POOL DEFAULT FLASH_CACHE DEFAULT CELL_FLASH_CACHE DEFAULT)
  TABLESPACE "USERS" ;
--------------------------------------------------------
--  DDL for Index SYS_C0020209
--------------------------------------------------------

  CREATE UNIQUE INDEX "SYS_C0020209" ON "APP_TECNICO" ("ID") 
  PCTFREE 10 INITRANS 2 MAXTRANS 255 COMPUTE STATISTICS 
  STORAGE(INITIAL 65536 NEXT 1048576 MINEXTENTS 1 MAXEXTENTS 2147483645
  PCTINCREASE 0 FREELISTS 1 FREELIST GROUPS 1
  BUFFER_POOL DEFAULT FLASH_CACHE DEFAULT CELL_FLASH_CACHE DEFAULT)
  TABLESPACE "USERS" ;
--------------------------------------------------------
--  DDL for Index SYS_C0020210
--------------------------------------------------------

  CREATE UNIQUE INDEX "SYS_C0020210" ON "APP_TECNICO" ("USER_ID") 
  PCTFREE 10 INITRANS 2 MAXTRANS 255 COMPUTE STATISTICS 
  STORAGE(INITIAL 65536 NEXT 1048576 MINEXTENTS 1 MAXEXTENTS 2147483645
  PCTINCREASE 0 FREELISTS 1 FREELIST GROUPS 1
  BUFFER_POOL DEFAULT FLASH_CACHE DEFAULT CELL_FLASH_CACHE DEFAULT)
  TABLESPACE "USERS" ;
--------------------------------------------------------
--  DDL for Index SYS_C0020216
--------------------------------------------------------

  CREATE UNIQUE INDEX "SYS_C0020216" ON "SERVICIO" ("ID") 
  PCTFREE 10 INITRANS 2 MAXTRANS 255 COMPUTE STATISTICS 
  TABLESPACE "USERS" ;
--------------------------------------------------------
--  DDL for Index SYS_C0020220
--------------------------------------------------------

  CREATE UNIQUE INDEX "SYS_C0020220" ON "PAGO" ("ID") 
  PCTFREE 10 INITRANS 2 MAXTRANS 255 COMPUTE STATISTICS 
  STORAGE(INITIAL 65536 NEXT 1048576 MINEXTENTS 1 MAXEXTENTS 2147483645
  PCTINCREASE 0 FREELISTS 1 FREELIST GROUPS 1
  BUFFER_POOL DEFAULT FLASH_CACHE DEFAULT CELL_FLASH_CACHE DEFAULT)
  TABLESPACE "USERS" ;
--------------------------------------------------------
--  DDL for Index SYS_C0020224
--------------------------------------------------------

  CREATE UNIQUE INDEX "SYS_C0020224" ON "MATERIALES" ("ID") 
  PCTFREE 10 INITRANS 2 MAXTRANS 255 COMPUTE STATISTICS 
  TABLESPACE "USERS" ;
--------------------------------------------------------
--  DDL for Index SYS_C0020228
--------------------------------------------------------

  CREATE UNIQUE INDEX "SYS_C0020228" ON "DETALLE_VENTA" ("ID") 
  PCTFREE 10 INITRANS 2 MAXTRANS 255 COMPUTE STATISTICS 
  TABLESPACE "USERS" ;
--------------------------------------------------------
--  DDL for Index SYS_C0020232
--------------------------------------------------------

  CREATE UNIQUE INDEX "SYS_C0020232" ON "COTIZACIONES" ("ID") 
  PCTFREE 10 INITRANS 2 MAXTRANS 255 COMPUTE STATISTICS 
  TABLESPACE "USERS" ;
--------------------------------------------------------
--  DDL for Index SYS_C0020238
--------------------------------------------------------

  CREATE UNIQUE INDEX "SYS_C0020238" ON "CARRITO" ("ID") 
  PCTFREE 10 INITRANS 2 MAXTRANS 255 COMPUTE STATISTICS 
  STORAGE(INITIAL 65536 NEXT 1048576 MINEXTENTS 1 MAXEXTENTS 2147483645
  PCTINCREASE 0 FREELISTS 1 FREELIST GROUPS 1
  BUFFER_POOL DEFAULT FLASH_CACHE DEFAULT CELL_FLASH_CACHE DEFAULT)
  TABLESPACE "USERS" ;
--------------------------------------------------------
--  DDL for Index SYS_C0020256
--------------------------------------------------------

  CREATE UNIQUE INDEX "SYS_C0020256" ON "DJANGO_SESSION" ("SESSION_KEY") 
  PCTFREE 10 INITRANS 2 MAXTRANS 255 COMPUTE STATISTICS 
  STORAGE(INITIAL 65536 NEXT 1048576 MINEXTENTS 1 MAXEXTENTS 2147483645
  PCTINCREASE 0 FREELISTS 1 FREELIST GROUPS 1
  BUFFER_POOL DEFAULT FLASH_CACHE DEFAULT CELL_FLASH_CACHE DEFAULT)
  TABLESPACE "USERS" ;
--------------------------------------------------------
--  DDL for Index VENTA_CLIENTE_ID_23062742
--------------------------------------------------------

  CREATE INDEX "VENTA_CLIENTE_ID_23062742" ON "VENTA" ("CLIENTE_ID") 
  PCTFREE 10 INITRANS 2 MAXTRANS 255 COMPUTE STATISTICS 
  STORAGE(INITIAL 65536 NEXT 1048576 MINEXTENTS 1 MAXEXTENTS 2147483645
  PCTINCREASE 0 FREELISTS 1 FREELIST GROUPS 1
  BUFFER_POOL DEFAULT FLASH_CACHE DEFAULT CELL_FLASH_CACHE DEFAULT)
  TABLESPACE "USERS" ;
--------------------------------------------------------
--  DDL for Index VENTA_EMPLEADO_ID_C03A5623
--------------------------------------------------------

  CREATE INDEX "VENTA_EMPLEADO_ID_C03A5623" ON "VENTA" ("EMPLEADO_ID") 
  PCTFREE 10 INITRANS 2 MAXTRANS 255 COMPUTE STATISTICS 
  STORAGE(INITIAL 65536 NEXT 1048576 MINEXTENTS 1 MAXEXTENTS 2147483645
  PCTINCREASE 0 FREELISTS 1 FREELIST GROUPS 1
  BUFFER_POOL DEFAULT FLASH_CACHE DEFAULT CELL_FLASH_CACHE DEFAULT)
  TABLESPACE "USERS" ;
--------------------------------------------------------
--  DDL for Index SYS_C0020189
--------------------------------------------------------

  CREATE UNIQUE INDEX "SYS_C0020189" ON "APP_CLIENTE" ("ID") 
  PCTFREE 10 INITRANS 2 MAXTRANS 255 COMPUTE STATISTICS 
  STORAGE(INITIAL 65536 NEXT 1048576 MINEXTENTS 1 MAXEXTENTS 2147483645
  PCTINCREASE 0 FREELISTS 1 FREELIST GROUPS 1
  BUFFER_POOL DEFAULT FLASH_CACHE DEFAULT CELL_FLASH_CACHE DEFAULT)
  TABLESPACE "USERS" ;
--------------------------------------------------------
--  DDL for Index SYS_C0020190
--------------------------------------------------------

  CREATE UNIQUE INDEX "SYS_C0020190" ON "APP_CLIENTE" ("USER_ID") 
  PCTFREE 10 INITRANS 2 MAXTRANS 255 COMPUTE STATISTICS 
  STORAGE(INITIAL 65536 NEXT 1048576 MINEXTENTS 1 MAXEXTENTS 2147483645
  PCTINCREASE 0 FREELISTS 1 FREELIST GROUPS 1
  BUFFER_POOL DEFAULT FLASH_CACHE DEFAULT CELL_FLASH_CACHE DEFAULT)
  TABLESPACE "USERS" ;
--------------------------------------------------------
--  DDL for Index SYS_C0020193
--------------------------------------------------------

  CREATE UNIQUE INDEX "SYS_C0020193" ON "APP_EMPLEADO" ("ID") 
  PCTFREE 10 INITRANS 2 MAXTRANS 255 COMPUTE STATISTICS 
  STORAGE(INITIAL 65536 NEXT 1048576 MINEXTENTS 1 MAXEXTENTS 2147483645
  PCTINCREASE 0 FREELISTS 1 FREELIST GROUPS 1
  BUFFER_POOL DEFAULT FLASH_CACHE DEFAULT CELL_FLASH_CACHE DEFAULT)
  TABLESPACE "USERS" ;
--------------------------------------------------------
--  DDL for Index SYS_C0020194
--------------------------------------------------------

  CREATE UNIQUE INDEX "SYS_C0020194" ON "APP_EMPLEADO" ("USER_ID") 
  PCTFREE 10 INITRANS 2 MAXTRANS 255 COMPUTE STATISTICS 
  STORAGE(INITIAL 65536 NEXT 1048576 MINEXTENTS 1 MAXEXTENTS 2147483645
  PCTINCREASE 0 FREELISTS 1 FREELIST GROUPS 1
  BUFFER_POOL DEFAULT FLASH_CACHE DEFAULT CELL_FLASH_CACHE DEFAULT)
  TABLESPACE "USERS" ;
--------------------------------------------------------
--  DDL for Index SYS_C0020209
--------------------------------------------------------

  CREATE UNIQUE INDEX "SYS_C0020209" ON "APP_TECNICO" ("ID") 
  PCTFREE 10 INITRANS 2 MAXTRANS 255 COMPUTE STATISTICS 
  STORAGE(INITIAL 65536 NEXT 1048576 MINEXTENTS 1 MAXEXTENTS 2147483645
  PCTINCREASE 0 FREELISTS 1 FREELIST GROUPS 1
  BUFFER_POOL DEFAULT FLASH_CACHE DEFAULT CELL_FLASH_CACHE DEFAULT)
  TABLESPACE "USERS" ;
--------------------------------------------------------
--  DDL for Index SYS_C0020210
--------------------------------------------------------

  CREATE UNIQUE INDEX "SYS_C0020210" ON "APP_TECNICO" ("USER_ID") 
  PCTFREE 10 INITRANS 2 MAXTRANS 255 COMPUTE STATISTICS 
  STORAGE(INITIAL 65536 NEXT 1048576 MINEXTENTS 1 MAXEXTENTS 2147483645
  PCTINCREASE 0 FREELISTS 1 FREELIST GROUPS 1
  BUFFER_POOL DEFAULT FLASH_CACHE DEFAULT CELL_FLASH_CACHE DEFAULT)
  TABLESPACE "USERS" ;
--------------------------------------------------------
--  DDL for Index SYS_C0020143
--------------------------------------------------------

  CREATE UNIQUE INDEX "SYS_C0020143" ON "AUTH_GROUP" ("ID") 
  PCTFREE 10 INITRANS 2 MAXTRANS 255 COMPUTE STATISTICS 
  TABLESPACE "USERS" ;
--------------------------------------------------------
--  DDL for Index SYS_C0020144
--------------------------------------------------------

  CREATE UNIQUE INDEX "SYS_C0020144" ON "AUTH_GROUP" ("NAME") 
  PCTFREE 10 INITRANS 2 MAXTRANS 255 COMPUTE STATISTICS 
  TABLESPACE "USERS" ;
--------------------------------------------------------
--  DDL for Index SYS_C0020148
--------------------------------------------------------

  CREATE UNIQUE INDEX "SYS_C0020148" ON "AUTH_GROUP_PERMISSIONS" ("ID") 
  PCTFREE 10 INITRANS 2 MAXTRANS 255 COMPUTE STATISTICS 
  TABLESPACE "USERS" ;
--------------------------------------------------------
--  DDL for Index AUTH_GROU_GROUP_ID__0CD325B0_U
--------------------------------------------------------

  CREATE UNIQUE INDEX "AUTH_GROU_GROUP_ID__0CD325B0_U" ON "AUTH_GROUP_PERMISSIONS" ("GROUP_ID", "PERMISSION_ID") 
  PCTFREE 10 INITRANS 2 MAXTRANS 255 COMPUTE STATISTICS 
  TABLESPACE "USERS" ;
--------------------------------------------------------
--  DDL for Index AUTH_GROUP_GROUP_ID_B120CBF9
--------------------------------------------------------

  CREATE INDEX "AUTH_GROUP_GROUP_ID_B120CBF9" ON "AUTH_GROUP_PERMISSIONS" ("GROUP_ID") 
  PCTFREE 10 INITRANS 2 MAXTRANS 255 COMPUTE STATISTICS 
  TABLESPACE "USERS" ;
--------------------------------------------------------
--  DDL for Index AUTH_GROUP_PERMISSION_84C5C92E
--------------------------------------------------------

  CREATE INDEX "AUTH_GROUP_PERMISSION_84C5C92E" ON "AUTH_GROUP_PERMISSIONS" ("PERMISSION_ID") 
  PCTFREE 10 INITRANS 2 MAXTRANS 255 COMPUTE STATISTICS 
  TABLESPACE "USERS" ;
--------------------------------------------------------
--  DDL for Index SYS_C0020141
--------------------------------------------------------

  CREATE UNIQUE INDEX "SYS_C0020141" ON "AUTH_PERMISSION" ("ID") 
  PCTFREE 10 INITRANS 2 MAXTRANS 255 COMPUTE STATISTICS 
  STORAGE(INITIAL 65536 NEXT 1048576 MINEXTENTS 1 MAXEXTENTS 2147483645
  PCTINCREASE 0 FREELISTS 1 FREELIST GROUPS 1
  BUFFER_POOL DEFAULT FLASH_CACHE DEFAULT CELL_FLASH_CACHE DEFAULT)
  TABLESPACE "USERS" ;
--------------------------------------------------------
--  DDL for Index AUTH_PERM_CONTENT_T_01AB375A_U
--------------------------------------------------------

  CREATE UNIQUE INDEX "AUTH_PERM_CONTENT_T_01AB375A_U" ON "AUTH_PERMISSION" ("CONTENT_TYPE_ID", "CODENAME") 
  PCTFREE 10 INITRANS 2 MAXTRANS 255 COMPUTE STATISTICS 
  STORAGE(INITIAL 65536 NEXT 1048576 MINEXTENTS 1 MAXEXTENTS 2147483645
  PCTINCREASE 0 FREELISTS 1 FREELIST GROUPS 1
  BUFFER_POOL DEFAULT FLASH_CACHE DEFAULT CELL_FLASH_CACHE DEFAULT)
  TABLESPACE "USERS" ;
--------------------------------------------------------
--  DDL for Index AUTH_PERMI_CONTENT_TY_2F476E4B
--------------------------------------------------------

  CREATE INDEX "AUTH_PERMI_CONTENT_TY_2F476E4B" ON "AUTH_PERMISSION" ("CONTENT_TYPE_ID") 
  PCTFREE 10 INITRANS 2 MAXTRANS 255 COMPUTE STATISTICS 
  STORAGE(INITIAL 65536 NEXT 1048576 MINEXTENTS 1 MAXEXTENTS 2147483645
  PCTINCREASE 0 FREELISTS 1 FREELIST GROUPS 1
  BUFFER_POOL DEFAULT FLASH_CACHE DEFAULT CELL_FLASH_CACHE DEFAULT)
  TABLESPACE "USERS" ;
--------------------------------------------------------
--  DDL for Index SYS_C0020158
--------------------------------------------------------

  CREATE UNIQUE INDEX "SYS_C0020158" ON "AUTH_USER" ("ID") 
  PCTFREE 10 INITRANS 2 MAXTRANS 255 COMPUTE STATISTICS 
  STORAGE(INITIAL 65536 NEXT 1048576 MINEXTENTS 1 MAXEXTENTS 2147483645
  PCTINCREASE 0 FREELISTS 1 FREELIST GROUPS 1
  BUFFER_POOL DEFAULT FLASH_CACHE DEFAULT CELL_FLASH_CACHE DEFAULT)
  TABLESPACE "USERS" ;
--------------------------------------------------------
--  DDL for Index SYS_C0020159
--------------------------------------------------------

  CREATE UNIQUE INDEX "SYS_C0020159" ON "AUTH_USER" ("USERNAME") 
  PCTFREE 10 INITRANS 2 MAXTRANS 255 COMPUTE STATISTICS 
  STORAGE(INITIAL 65536 NEXT 1048576 MINEXTENTS 1 MAXEXTENTS 2147483645
  PCTINCREASE 0 FREELISTS 1 FREELIST GROUPS 1
  BUFFER_POOL DEFAULT FLASH_CACHE DEFAULT CELL_FLASH_CACHE DEFAULT)
  TABLESPACE "USERS" ;
--------------------------------------------------------
--  DDL for Index SYS_C0020163
--------------------------------------------------------

  CREATE UNIQUE INDEX "SYS_C0020163" ON "AUTH_USER_GROUPS" ("ID") 
  PCTFREE 10 INITRANS 2 MAXTRANS 255 COMPUTE STATISTICS 
  TABLESPACE "USERS" ;
--------------------------------------------------------
--  DDL for Index AUTH_USER_USER_ID_G_94350C0C_U
--------------------------------------------------------

  CREATE UNIQUE INDEX "AUTH_USER_USER_ID_G_94350C0C_U" ON "AUTH_USER_GROUPS" ("USER_ID", "GROUP_ID") 
  PCTFREE 10 INITRANS 2 MAXTRANS 255 COMPUTE STATISTICS 
  TABLESPACE "USERS" ;
--------------------------------------------------------
--  DDL for Index AUTH_USER__USER_ID_6A12ED8B
--------------------------------------------------------

  CREATE INDEX "AUTH_USER__USER_ID_6A12ED8B" ON "AUTH_USER_GROUPS" ("USER_ID") 
  PCTFREE 10 INITRANS 2 MAXTRANS 255 COMPUTE STATISTICS 
  TABLESPACE "USERS" ;
--------------------------------------------------------
--  DDL for Index AUTH_USER__GROUP_ID_97559544
--------------------------------------------------------

  CREATE INDEX "AUTH_USER__GROUP_ID_97559544" ON "AUTH_USER_GROUPS" ("GROUP_ID") 
  PCTFREE 10 INITRANS 2 MAXTRANS 255 COMPUTE STATISTICS 
  TABLESPACE "USERS" ;
--------------------------------------------------------
--  DDL for Index SYS_C0020167
--------------------------------------------------------

  CREATE UNIQUE INDEX "SYS_C0020167" ON "AUTH_USER_USER_PERMISSIONS" ("ID") 
  PCTFREE 10 INITRANS 2 MAXTRANS 255 COMPUTE STATISTICS 
  TABLESPACE "USERS" ;
--------------------------------------------------------
--  DDL for Index AUTH_USER_USER_ID_P_14A6B632_U
--------------------------------------------------------

  CREATE UNIQUE INDEX "AUTH_USER_USER_ID_P_14A6B632_U" ON "AUTH_USER_USER_PERMISSIONS" ("USER_ID", "PERMISSION_ID") 
  PCTFREE 10 INITRANS 2 MAXTRANS 255 COMPUTE STATISTICS 
  TABLESPACE "USERS" ;
--------------------------------------------------------
--  DDL for Index AUTH_USER__USER_ID_A95EAD1B
--------------------------------------------------------

  CREATE INDEX "AUTH_USER__USER_ID_A95EAD1B" ON "AUTH_USER_USER_PERMISSIONS" ("USER_ID") 
  PCTFREE 10 INITRANS 2 MAXTRANS 255 COMPUTE STATISTICS 
  TABLESPACE "USERS" ;
--------------------------------------------------------
--  DDL for Index AUTH_USER__PERMISSION_1FBB5F2C
--------------------------------------------------------

  CREATE INDEX "AUTH_USER__PERMISSION_1FBB5F2C" ON "AUTH_USER_USER_PERMISSIONS" ("PERMISSION_ID") 
  PCTFREE 10 INITRANS 2 MAXTRANS 255 COMPUTE STATISTICS 
  TABLESPACE "USERS" ;
--------------------------------------------------------
--  DDL for Index SYS_C0020238
--------------------------------------------------------

  CREATE UNIQUE INDEX "SYS_C0020238" ON "CARRITO" ("ID") 
  PCTFREE 10 INITRANS 2 MAXTRANS 255 COMPUTE STATISTICS 
  STORAGE(INITIAL 65536 NEXT 1048576 MINEXTENTS 1 MAXEXTENTS 2147483645
  PCTINCREASE 0 FREELISTS 1 FREELIST GROUPS 1
  BUFFER_POOL DEFAULT FLASH_CACHE DEFAULT CELL_FLASH_CACHE DEFAULT)
  TABLESPACE "USERS" ;
--------------------------------------------------------
--  DDL for Index CARRITO_LIBRO_ID_C5C929F2
--------------------------------------------------------

  CREATE INDEX "CARRITO_LIBRO_ID_C5C929F2" ON "CARRITO" ("LIBRO_ID") 
  PCTFREE 10 INITRANS 2 MAXTRANS 255 COMPUTE STATISTICS 
  STORAGE(INITIAL 65536 NEXT 1048576 MINEXTENTS 1 MAXEXTENTS 2147483645
  PCTINCREASE 0 FREELISTS 1 FREELIST GROUPS 1
  BUFFER_POOL DEFAULT FLASH_CACHE DEFAULT CELL_FLASH_CACHE DEFAULT)
  TABLESPACE "USERS" ;
--------------------------------------------------------
--  DDL for Index CARRITO_USUARIO_ID_55385271
--------------------------------------------------------

  CREATE INDEX "CARRITO_USUARIO_ID_55385271" ON "CARRITO" ("USUARIO_ID") 
  PCTFREE 10 INITRANS 2 MAXTRANS 255 COMPUTE STATISTICS 
  STORAGE(INITIAL 65536 NEXT 1048576 MINEXTENTS 1 MAXEXTENTS 2147483645
  PCTINCREASE 0 FREELISTS 1 FREELIST GROUPS 1
  BUFFER_POOL DEFAULT FLASH_CACHE DEFAULT CELL_FLASH_CACHE DEFAULT)
  TABLESPACE "USERS" ;
--------------------------------------------------------
--  DDL for Index SYS_C0020232
--------------------------------------------------------

  CREATE UNIQUE INDEX "SYS_C0020232" ON "COTIZACIONES" ("ID") 
  PCTFREE 10 INITRANS 2 MAXTRANS 255 COMPUTE STATISTICS 
  TABLESPACE "USERS" ;
--------------------------------------------------------
--  DDL for Index COTIZACION_CLIENTE_ID_BA3CCD56
--------------------------------------------------------

  CREATE INDEX "COTIZACION_CLIENTE_ID_BA3CCD56" ON "COTIZACIONES" ("CLIENTE_ID") 
  PCTFREE 10 INITRANS 2 MAXTRANS 255 COMPUTE STATISTICS 
  TABLESPACE "USERS" ;
--------------------------------------------------------
--  DDL for Index SYS_C0020228
--------------------------------------------------------

  CREATE UNIQUE INDEX "SYS_C0020228" ON "DETALLE_VENTA" ("ID") 
  PCTFREE 10 INITRANS 2 MAXTRANS 255 COMPUTE STATISTICS 
  TABLESPACE "USERS" ;
--------------------------------------------------------
--  DDL for Index DETALLE_VE_LIBRO_ID_1C220CB4
--------------------------------------------------------

  CREATE INDEX "DETALLE_VE_LIBRO_ID_1C220CB4" ON "DETALLE_VENTA" ("LIBRO_ID") 
  PCTFREE 10 INITRANS 2 MAXTRANS 255 COMPUTE STATISTICS 
  TABLESPACE "USERS" ;
--------------------------------------------------------
--  DDL for Index DETALLE_VE_VENTA_ID_ECF1A1A3
--------------------------------------------------------

  CREATE INDEX "DETALLE_VE_VENTA_ID_ECF1A1A3" ON "DETALLE_VENTA" ("VENTA_ID") 
  PCTFREE 10 INITRANS 2 MAXTRANS 255 COMPUTE STATISTICS 
  TABLESPACE "USERS" ;
--------------------------------------------------------
--  DDL for Index DJANGO_ADM_CONTENT_TY_C4BCE8EB
--------------------------------------------------------

  CREATE INDEX "DJANGO_ADM_CONTENT_TY_C4BCE8EB" ON "DJANGO_ADMIN_LOG" ("CONTENT_TYPE_ID") 
  PCTFREE 10 INITRANS 2 MAXTRANS 255 COMPUTE STATISTICS 
  TABLESPACE "USERS" ;
--------------------------------------------------------
--  DDL for Index DJANGO_ADM_USER_ID_C564EBA6
--------------------------------------------------------

  CREATE INDEX "DJANGO_ADM_USER_ID_C564EBA6" ON "DJANGO_ADMIN_LOG" ("USER_ID") 
  PCTFREE 10 INITRANS 2 MAXTRANS 255 COMPUTE STATISTICS 
  TABLESPACE "USERS" ;
--------------------------------------------------------
--  DDL for Index SYS_C0020184
--------------------------------------------------------

  CREATE UNIQUE INDEX "SYS_C0020184" ON "DJANGO_ADMIN_LOG" ("ID") 
  PCTFREE 10 INITRANS 2 MAXTRANS 255 COMPUTE STATISTICS 
  TABLESPACE "USERS" ;
--------------------------------------------------------
--  DDL for Index SYS_C0020137
--------------------------------------------------------

  CREATE UNIQUE INDEX "SYS_C0020137" ON "DJANGO_CONTENT_TYPE" ("ID") 
  PCTFREE 10 INITRANS 2 MAXTRANS 255 COMPUTE STATISTICS 
  STORAGE(INITIAL 65536 NEXT 1048576 MINEXTENTS 1 MAXEXTENTS 2147483645
  PCTINCREASE 0 FREELISTS 1 FREELIST GROUPS 1
  BUFFER_POOL DEFAULT FLASH_CACHE DEFAULT CELL_FLASH_CACHE DEFAULT)
  TABLESPACE "USERS" ;
--------------------------------------------------------
--  DDL for Index DJANGO_CO_APP_LABEL_76BD3D3B_U
--------------------------------------------------------

  CREATE UNIQUE INDEX "DJANGO_CO_APP_LABEL_76BD3D3B_U" ON "DJANGO_CONTENT_TYPE" ("APP_LABEL", "MODEL") 
  PCTFREE 10 INITRANS 2 MAXTRANS 255 COMPUTE STATISTICS 
  STORAGE(INITIAL 65536 NEXT 1048576 MINEXTENTS 1 MAXEXTENTS 2147483645
  PCTINCREASE 0 FREELISTS 1 FREELIST GROUPS 1
  BUFFER_POOL DEFAULT FLASH_CACHE DEFAULT CELL_FLASH_CACHE DEFAULT)
  TABLESPACE "USERS" ;
--------------------------------------------------------
--  DDL for Index SYS_C0020135
--------------------------------------------------------

  CREATE UNIQUE INDEX "SYS_C0020135" ON "DJANGO_MIGRATIONS" ("ID") 
  PCTFREE 10 INITRANS 2 MAXTRANS 255 COMPUTE STATISTICS 
  STORAGE(INITIAL 65536 NEXT 1048576 MINEXTENTS 1 MAXEXTENTS 2147483645
  PCTINCREASE 0 FREELISTS 1 FREELIST GROUPS 1
  BUFFER_POOL DEFAULT FLASH_CACHE DEFAULT CELL_FLASH_CACHE DEFAULT)
  TABLESPACE "USERS" ;
--------------------------------------------------------
--  DDL for Index SYS_C0020256
--------------------------------------------------------

  CREATE UNIQUE INDEX "SYS_C0020256" ON "DJANGO_SESSION" ("SESSION_KEY") 
  PCTFREE 10 INITRANS 2 MAXTRANS 255 COMPUTE STATISTICS 
  STORAGE(INITIAL 65536 NEXT 1048576 MINEXTENTS 1 MAXEXTENTS 2147483645
  PCTINCREASE 0 FREELISTS 1 FREELIST GROUPS 1
  BUFFER_POOL DEFAULT FLASH_CACHE DEFAULT CELL_FLASH_CACHE DEFAULT)
  TABLESPACE "USERS" ;
--------------------------------------------------------
--  DDL for Index DJANGO_SES_EXPIRE_DAT_A5C62663
--------------------------------------------------------

  CREATE INDEX "DJANGO_SES_EXPIRE_DAT_A5C62663" ON "DJANGO_SESSION" ("EXPIRE_DATE") 
  PCTFREE 10 INITRANS 2 MAXTRANS 255 COMPUTE STATISTICS 
  STORAGE(INITIAL 65536 NEXT 1048576 MINEXTENTS 1 MAXEXTENTS 2147483645
  PCTINCREASE 0 FREELISTS 1 FREELIST GROUPS 1
  BUFFER_POOL DEFAULT FLASH_CACHE DEFAULT CELL_FLASH_CACHE DEFAULT)
  TABLESPACE "USERS" ;
--------------------------------------------------------
--  DDL for Index SYS_C0020198
--------------------------------------------------------

  CREATE UNIQUE INDEX "SYS_C0020198" ON "LIBRO" ("ID") 
  PCTFREE 10 INITRANS 2 MAXTRANS 255 COMPUTE STATISTICS 
  STORAGE(INITIAL 65536 NEXT 1048576 MINEXTENTS 1 MAXEXTENTS 2147483645
  PCTINCREASE 0 FREELISTS 1 FREELIST GROUPS 1
  BUFFER_POOL DEFAULT FLASH_CACHE DEFAULT CELL_FLASH_CACHE DEFAULT)
  TABLESPACE "USERS" ;
--------------------------------------------------------
--  DDL for Index SYS_C0020224
--------------------------------------------------------

  CREATE UNIQUE INDEX "SYS_C0020224" ON "MATERIALES" ("ID") 
  PCTFREE 10 INITRANS 2 MAXTRANS 255 COMPUTE STATISTICS 
  TABLESPACE "USERS" ;
--------------------------------------------------------
--  DDL for Index MATERIALES_TECNICO_ID_36582C97
--------------------------------------------------------

  CREATE INDEX "MATERIALES_TECNICO_ID_36582C97" ON "MATERIALES" ("TECNICO_ID") 
  PCTFREE 10 INITRANS 2 MAXTRANS 255 COMPUTE STATISTICS 
  TABLESPACE "USERS" ;
--------------------------------------------------------
--  DDL for Index PAGO_VENTA_ID_DE39C76C
--------------------------------------------------------

  CREATE INDEX "PAGO_VENTA_ID_DE39C76C" ON "PAGO" ("VENTA_ID") 
  PCTFREE 10 INITRANS 2 MAXTRANS 255 COMPUTE STATISTICS 
  STORAGE(INITIAL 65536 NEXT 1048576 MINEXTENTS 1 MAXEXTENTS 2147483645
  PCTINCREASE 0 FREELISTS 1 FREELIST GROUPS 1
  BUFFER_POOL DEFAULT FLASH_CACHE DEFAULT CELL_FLASH_CACHE DEFAULT)
  TABLESPACE "USERS" ;
--------------------------------------------------------
--  DDL for Index SYS_C0020220
--------------------------------------------------------

  CREATE UNIQUE INDEX "SYS_C0020220" ON "PAGO" ("ID") 
  PCTFREE 10 INITRANS 2 MAXTRANS 255 COMPUTE STATISTICS 
  STORAGE(INITIAL 65536 NEXT 1048576 MINEXTENTS 1 MAXEXTENTS 2147483645
  PCTINCREASE 0 FREELISTS 1 FREELIST GROUPS 1
  BUFFER_POOL DEFAULT FLASH_CACHE DEFAULT CELL_FLASH_CACHE DEFAULT)
  TABLESPACE "USERS" ;
--------------------------------------------------------
--  DDL for Index SERVICIO_CLIENTE_ID_D532ED46
--------------------------------------------------------

  CREATE INDEX "SERVICIO_CLIENTE_ID_D532ED46" ON "SERVICIO" ("CLIENTE_ID") 
  PCTFREE 10 INITRANS 2 MAXTRANS 255 COMPUTE STATISTICS 
  TABLESPACE "USERS" ;
--------------------------------------------------------
--  DDL for Index SERVICIO_TECNICO_ID_F5C27EDC
--------------------------------------------------------

  CREATE INDEX "SERVICIO_TECNICO_ID_F5C27EDC" ON "SERVICIO" ("TECNICO_ID") 
  PCTFREE 10 INITRANS 2 MAXTRANS 255 COMPUTE STATISTICS 
  TABLESPACE "USERS" ;
--------------------------------------------------------
--  DDL for Index SERVICIO_TIPO_ID_E7FC9128
--------------------------------------------------------

  CREATE INDEX "SERVICIO_TIPO_ID_E7FC9128" ON "SERVICIO" ("TIPO_ID") 
  PCTFREE 10 INITRANS 2 MAXTRANS 255 COMPUTE STATISTICS 
  TABLESPACE "USERS" ;
--------------------------------------------------------
--  DDL for Index SYS_C0020216
--------------------------------------------------------

  CREATE UNIQUE INDEX "SYS_C0020216" ON "SERVICIO" ("ID") 
  PCTFREE 10 INITRANS 2 MAXTRANS 255 COMPUTE STATISTICS 
  TABLESPACE "USERS" ;
--------------------------------------------------------
--  DDL for Index SYS_C0020200
--------------------------------------------------------

  CREATE UNIQUE INDEX "SYS_C0020200" ON "TIPO" ("ID") 
  PCTFREE 10 INITRANS 2 MAXTRANS 255 COMPUTE STATISTICS 
  TABLESPACE "USERS" ;
--------------------------------------------------------
--  DDL for Index VENTA_CLIENTE_ID_23062742
--------------------------------------------------------

  CREATE INDEX "VENTA_CLIENTE_ID_23062742" ON "VENTA" ("CLIENTE_ID") 
  PCTFREE 10 INITRANS 2 MAXTRANS 255 COMPUTE STATISTICS 
  STORAGE(INITIAL 65536 NEXT 1048576 MINEXTENTS 1 MAXEXTENTS 2147483645
  PCTINCREASE 0 FREELISTS 1 FREELIST GROUPS 1
  BUFFER_POOL DEFAULT FLASH_CACHE DEFAULT CELL_FLASH_CACHE DEFAULT)
  TABLESPACE "USERS" ;
--------------------------------------------------------
--  DDL for Index VENTA_EMPLEADO_ID_C03A5623
--------------------------------------------------------

  CREATE INDEX "VENTA_EMPLEADO_ID_C03A5623" ON "VENTA" ("EMPLEADO_ID") 
  PCTFREE 10 INITRANS 2 MAXTRANS 255 COMPUTE STATISTICS 
  STORAGE(INITIAL 65536 NEXT 1048576 MINEXTENTS 1 MAXEXTENTS 2147483645
  PCTINCREASE 0 FREELISTS 1 FREELIST GROUPS 1
  BUFFER_POOL DEFAULT FLASH_CACHE DEFAULT CELL_FLASH_CACHE DEFAULT)
  TABLESPACE "USERS" ;
--------------------------------------------------------
--  DDL for Index SYS_C0020206
--------------------------------------------------------

  CREATE UNIQUE INDEX "SYS_C0020206" ON "VENTA" ("ID") 
  PCTFREE 10 INITRANS 2 MAXTRANS 255 COMPUTE STATISTICS 
  STORAGE(INITIAL 65536 NEXT 1048576 MINEXTENTS 1 MAXEXTENTS 2147483645
  PCTINCREASE 0 FREELISTS 1 FREELIST GROUPS 1
  BUFFER_POOL DEFAULT FLASH_CACHE DEFAULT CELL_FLASH_CACHE DEFAULT)
  TABLESPACE "USERS" ;
--------------------------------------------------------
--  Constraints for Table APP_CLIENTE
--------------------------------------------------------

  ALTER TABLE "APP_CLIENTE" MODIFY ("ID" NOT NULL ENABLE);
  ALTER TABLE "APP_CLIENTE" MODIFY ("USER_ID" NOT NULL ENABLE);
  ALTER TABLE "APP_CLIENTE" ADD PRIMARY KEY ("ID")
  USING INDEX PCTFREE 10 INITRANS 2 MAXTRANS 255 COMPUTE STATISTICS 
  STORAGE(INITIAL 65536 NEXT 1048576 MINEXTENTS 1 MAXEXTENTS 2147483645
  PCTINCREASE 0 FREELISTS 1 FREELIST GROUPS 1
  BUFFER_POOL DEFAULT FLASH_CACHE DEFAULT CELL_FLASH_CACHE DEFAULT)
  TABLESPACE "USERS"  ENABLE;
  ALTER TABLE "APP_CLIENTE" ADD UNIQUE ("USER_ID")
  USING INDEX PCTFREE 10 INITRANS 2 MAXTRANS 255 COMPUTE STATISTICS 
  STORAGE(INITIAL 65536 NEXT 1048576 MINEXTENTS 1 MAXEXTENTS 2147483645
  PCTINCREASE 0 FREELISTS 1 FREELIST GROUPS 1
  BUFFER_POOL DEFAULT FLASH_CACHE DEFAULT CELL_FLASH_CACHE DEFAULT)
  TABLESPACE "USERS"  ENABLE;
--------------------------------------------------------
--  Constraints for Table APP_EMPLEADO
--------------------------------------------------------

  ALTER TABLE "APP_EMPLEADO" MODIFY ("ID" NOT NULL ENABLE);
  ALTER TABLE "APP_EMPLEADO" MODIFY ("USER_ID" NOT NULL ENABLE);
  ALTER TABLE "APP_EMPLEADO" ADD PRIMARY KEY ("ID")
  USING INDEX PCTFREE 10 INITRANS 2 MAXTRANS 255 COMPUTE STATISTICS 
  STORAGE(INITIAL 65536 NEXT 1048576 MINEXTENTS 1 MAXEXTENTS 2147483645
  PCTINCREASE 0 FREELISTS 1 FREELIST GROUPS 1
  BUFFER_POOL DEFAULT FLASH_CACHE DEFAULT CELL_FLASH_CACHE DEFAULT)
  TABLESPACE "USERS"  ENABLE;
  ALTER TABLE "APP_EMPLEADO" ADD UNIQUE ("USER_ID")
  USING INDEX PCTFREE 10 INITRANS 2 MAXTRANS 255 COMPUTE STATISTICS 
  STORAGE(INITIAL 65536 NEXT 1048576 MINEXTENTS 1 MAXEXTENTS 2147483645
  PCTINCREASE 0 FREELISTS 1 FREELIST GROUPS 1
  BUFFER_POOL DEFAULT FLASH_CACHE DEFAULT CELL_FLASH_CACHE DEFAULT)
  TABLESPACE "USERS"  ENABLE;
--------------------------------------------------------
--  Constraints for Table APP_TECNICO
--------------------------------------------------------

  ALTER TABLE "APP_TECNICO" MODIFY ("ID" NOT NULL ENABLE);
  ALTER TABLE "APP_TECNICO" MODIFY ("USER_ID" NOT NULL ENABLE);
  ALTER TABLE "APP_TECNICO" ADD PRIMARY KEY ("ID")
  USING INDEX PCTFREE 10 INITRANS 2 MAXTRANS 255 COMPUTE STATISTICS 
  STORAGE(INITIAL 65536 NEXT 1048576 MINEXTENTS 1 MAXEXTENTS 2147483645
  PCTINCREASE 0 FREELISTS 1 FREELIST GROUPS 1
  BUFFER_POOL DEFAULT FLASH_CACHE DEFAULT CELL_FLASH_CACHE DEFAULT)
  TABLESPACE "USERS"  ENABLE;
  ALTER TABLE "APP_TECNICO" ADD UNIQUE ("USER_ID")
  USING INDEX PCTFREE 10 INITRANS 2 MAXTRANS 255 COMPUTE STATISTICS 
  STORAGE(INITIAL 65536 NEXT 1048576 MINEXTENTS 1 MAXEXTENTS 2147483645
  PCTINCREASE 0 FREELISTS 1 FREELIST GROUPS 1
  BUFFER_POOL DEFAULT FLASH_CACHE DEFAULT CELL_FLASH_CACHE DEFAULT)
  TABLESPACE "USERS"  ENABLE;
--------------------------------------------------------
--  Constraints for Table AUTH_GROUP
--------------------------------------------------------

  ALTER TABLE "AUTH_GROUP" MODIFY ("ID" NOT NULL ENABLE);
  ALTER TABLE "AUTH_GROUP" ADD PRIMARY KEY ("ID")
  USING INDEX PCTFREE 10 INITRANS 2 MAXTRANS 255 COMPUTE STATISTICS 
  TABLESPACE "USERS"  ENABLE;
  ALTER TABLE "AUTH_GROUP" ADD UNIQUE ("NAME")
  USING INDEX PCTFREE 10 INITRANS 2 MAXTRANS 255 COMPUTE STATISTICS 
  TABLESPACE "USERS"  ENABLE;
--------------------------------------------------------
--  Constraints for Table AUTH_GROUP_PERMISSIONS
--------------------------------------------------------

  ALTER TABLE "AUTH_GROUP_PERMISSIONS" MODIFY ("ID" NOT NULL ENABLE);
  ALTER TABLE "AUTH_GROUP_PERMISSIONS" MODIFY ("GROUP_ID" NOT NULL ENABLE);
  ALTER TABLE "AUTH_GROUP_PERMISSIONS" MODIFY ("PERMISSION_ID" NOT NULL ENABLE);
  ALTER TABLE "AUTH_GROUP_PERMISSIONS" ADD PRIMARY KEY ("ID")
  USING INDEX PCTFREE 10 INITRANS 2 MAXTRANS 255 COMPUTE STATISTICS 
  TABLESPACE "USERS"  ENABLE;
  ALTER TABLE "AUTH_GROUP_PERMISSIONS" ADD CONSTRAINT "AUTH_GROU_GROUP_ID__0CD325B0_U" UNIQUE ("GROUP_ID", "PERMISSION_ID")
  USING INDEX PCTFREE 10 INITRANS 2 MAXTRANS 255 COMPUTE STATISTICS 
  TABLESPACE "USERS"  ENABLE;
--------------------------------------------------------
--  Constraints for Table AUTH_PERMISSION
--------------------------------------------------------

  ALTER TABLE "AUTH_PERMISSION" MODIFY ("ID" NOT NULL ENABLE);
  ALTER TABLE "AUTH_PERMISSION" MODIFY ("CONTENT_TYPE_ID" NOT NULL ENABLE);
  ALTER TABLE "AUTH_PERMISSION" ADD PRIMARY KEY ("ID")
  USING INDEX PCTFREE 10 INITRANS 2 MAXTRANS 255 COMPUTE STATISTICS 
  STORAGE(INITIAL 65536 NEXT 1048576 MINEXTENTS 1 MAXEXTENTS 2147483645
  PCTINCREASE 0 FREELISTS 1 FREELIST GROUPS 1
  BUFFER_POOL DEFAULT FLASH_CACHE DEFAULT CELL_FLASH_CACHE DEFAULT)
  TABLESPACE "USERS"  ENABLE;
  ALTER TABLE "AUTH_PERMISSION" ADD CONSTRAINT "AUTH_PERM_CONTENT_T_01AB375A_U" UNIQUE ("CONTENT_TYPE_ID", "CODENAME")
  USING INDEX PCTFREE 10 INITRANS 2 MAXTRANS 255 COMPUTE STATISTICS 
  STORAGE(INITIAL 65536 NEXT 1048576 MINEXTENTS 1 MAXEXTENTS 2147483645
  PCTINCREASE 0 FREELISTS 1 FREELIST GROUPS 1
  BUFFER_POOL DEFAULT FLASH_CACHE DEFAULT CELL_FLASH_CACHE DEFAULT)
  TABLESPACE "USERS"  ENABLE;
--------------------------------------------------------
--  Constraints for Table AUTH_USER
--------------------------------------------------------

  ALTER TABLE "AUTH_USER" MODIFY ("ID" NOT NULL ENABLE);
  ALTER TABLE "AUTH_USER" MODIFY ("IS_SUPERUSER" NOT NULL ENABLE);
  ALTER TABLE "AUTH_USER" MODIFY ("IS_STAFF" NOT NULL ENABLE);
  ALTER TABLE "AUTH_USER" MODIFY ("IS_ACTIVE" NOT NULL ENABLE);
  ALTER TABLE "AUTH_USER" MODIFY ("DATE_JOINED" NOT NULL ENABLE);
  ALTER TABLE "AUTH_USER" ADD CHECK ("IS_SUPERUSER" IN (0,1)) ENABLE;
  ALTER TABLE "AUTH_USER" ADD CHECK ("IS_STAFF" IN (0,1)) ENABLE;
  ALTER TABLE "AUTH_USER" ADD CHECK ("IS_ACTIVE" IN (0,1)) ENABLE;
  ALTER TABLE "AUTH_USER" ADD PRIMARY KEY ("ID")
  USING INDEX PCTFREE 10 INITRANS 2 MAXTRANS 255 COMPUTE STATISTICS 
  STORAGE(INITIAL 65536 NEXT 1048576 MINEXTENTS 1 MAXEXTENTS 2147483645
  PCTINCREASE 0 FREELISTS 1 FREELIST GROUPS 1
  BUFFER_POOL DEFAULT FLASH_CACHE DEFAULT CELL_FLASH_CACHE DEFAULT)
  TABLESPACE "USERS"  ENABLE;
  ALTER TABLE "AUTH_USER" ADD UNIQUE ("USERNAME")
  USING INDEX PCTFREE 10 INITRANS 2 MAXTRANS 255 COMPUTE STATISTICS 
  STORAGE(INITIAL 65536 NEXT 1048576 MINEXTENTS 1 MAXEXTENTS 2147483645
  PCTINCREASE 0 FREELISTS 1 FREELIST GROUPS 1
  BUFFER_POOL DEFAULT FLASH_CACHE DEFAULT CELL_FLASH_CACHE DEFAULT)
  TABLESPACE "USERS"  ENABLE;
--------------------------------------------------------
--  Constraints for Table AUTH_USER_GROUPS
--------------------------------------------------------

  ALTER TABLE "AUTH_USER_GROUPS" MODIFY ("ID" NOT NULL ENABLE);
  ALTER TABLE "AUTH_USER_GROUPS" MODIFY ("USER_ID" NOT NULL ENABLE);
  ALTER TABLE "AUTH_USER_GROUPS" MODIFY ("GROUP_ID" NOT NULL ENABLE);
  ALTER TABLE "AUTH_USER_GROUPS" ADD PRIMARY KEY ("ID")
  USING INDEX PCTFREE 10 INITRANS 2 MAXTRANS 255 COMPUTE STATISTICS 
  TABLESPACE "USERS"  ENABLE;
  ALTER TABLE "AUTH_USER_GROUPS" ADD CONSTRAINT "AUTH_USER_USER_ID_G_94350C0C_U" UNIQUE ("USER_ID", "GROUP_ID")
  USING INDEX PCTFREE 10 INITRANS 2 MAXTRANS 255 COMPUTE STATISTICS 
  TABLESPACE "USERS"  ENABLE;
--------------------------------------------------------
--  Constraints for Table AUTH_USER_USER_PERMISSIONS
--------------------------------------------------------

  ALTER TABLE "AUTH_USER_USER_PERMISSIONS" MODIFY ("ID" NOT NULL ENABLE);
  ALTER TABLE "AUTH_USER_USER_PERMISSIONS" MODIFY ("USER_ID" NOT NULL ENABLE);
  ALTER TABLE "AUTH_USER_USER_PERMISSIONS" MODIFY ("PERMISSION_ID" NOT NULL ENABLE);
  ALTER TABLE "AUTH_USER_USER_PERMISSIONS" ADD PRIMARY KEY ("ID")
  USING INDEX PCTFREE 10 INITRANS 2 MAXTRANS 255 COMPUTE STATISTICS 
  TABLESPACE "USERS"  ENABLE;
  ALTER TABLE "AUTH_USER_USER_PERMISSIONS" ADD CONSTRAINT "AUTH_USER_USER_ID_P_14A6B632_U" UNIQUE ("USER_ID", "PERMISSION_ID")
  USING INDEX PCTFREE 10 INITRANS 2 MAXTRANS 255 COMPUTE STATISTICS 
  TABLESPACE "USERS"  ENABLE;
--------------------------------------------------------
--  Constraints for Table CARRITO
--------------------------------------------------------

  ALTER TABLE "CARRITO" MODIFY ("ID" NOT NULL ENABLE);
  ALTER TABLE "CARRITO" MODIFY ("CANTIDAD" NOT NULL ENABLE);
  ALTER TABLE "CARRITO" MODIFY ("LIBRO_ID" NOT NULL ENABLE);
  ALTER TABLE "CARRITO" MODIFY ("USUARIO_ID" NOT NULL ENABLE);
  ALTER TABLE "CARRITO" ADD CHECK ("CANTIDAD" >= 0) ENABLE;
  ALTER TABLE "CARRITO" ADD PRIMARY KEY ("ID")
  USING INDEX PCTFREE 10 INITRANS 2 MAXTRANS 255 COMPUTE STATISTICS 
  STORAGE(INITIAL 65536 NEXT 1048576 MINEXTENTS 1 MAXEXTENTS 2147483645
  PCTINCREASE 0 FREELISTS 1 FREELIST GROUPS 1
  BUFFER_POOL DEFAULT FLASH_CACHE DEFAULT CELL_FLASH_CACHE DEFAULT)
  TABLESPACE "USERS"  ENABLE;
--------------------------------------------------------
--  Constraints for Table COTIZACIONES
--------------------------------------------------------

  ALTER TABLE "COTIZACIONES" MODIFY ("ID" NOT NULL ENABLE);
  ALTER TABLE "COTIZACIONES" MODIFY ("FECHA" NOT NULL ENABLE);
  ALTER TABLE "COTIZACIONES" MODIFY ("CLIENTE_ID" NOT NULL ENABLE);
  ALTER TABLE "COTIZACIONES" ADD PRIMARY KEY ("ID")
  USING INDEX PCTFREE 10 INITRANS 2 MAXTRANS 255 COMPUTE STATISTICS 
  TABLESPACE "USERS"  ENABLE;
--------------------------------------------------------
--  Constraints for Table DETALLE_VENTA
--------------------------------------------------------

  ALTER TABLE "DETALLE_VENTA" MODIFY ("ID" NOT NULL ENABLE);
  ALTER TABLE "DETALLE_VENTA" MODIFY ("LIBRO_ID" NOT NULL ENABLE);
  ALTER TABLE "DETALLE_VENTA" MODIFY ("VENTA_ID" NOT NULL ENABLE);
  ALTER TABLE "DETALLE_VENTA" ADD PRIMARY KEY ("ID")
  USING INDEX PCTFREE 10 INITRANS 2 MAXTRANS 255 COMPUTE STATISTICS 
  TABLESPACE "USERS"  ENABLE;
--------------------------------------------------------
--  Constraints for Table DJANGO_ADMIN_LOG
--------------------------------------------------------

  ALTER TABLE "DJANGO_ADMIN_LOG" MODIFY ("ID" NOT NULL ENABLE);
  ALTER TABLE "DJANGO_ADMIN_LOG" MODIFY ("ACTION_TIME" NOT NULL ENABLE);
  ALTER TABLE "DJANGO_ADMIN_LOG" MODIFY ("ACTION_FLAG" NOT NULL ENABLE);
  ALTER TABLE "DJANGO_ADMIN_LOG" MODIFY ("USER_ID" NOT NULL ENABLE);
  ALTER TABLE "DJANGO_ADMIN_LOG" ADD CHECK ("ACTION_FLAG" >= 0) ENABLE;
  ALTER TABLE "DJANGO_ADMIN_LOG" ADD PRIMARY KEY ("ID")
  USING INDEX PCTFREE 10 INITRANS 2 MAXTRANS 255 COMPUTE STATISTICS 
  TABLESPACE "USERS"  ENABLE;
--------------------------------------------------------
--  Constraints for Table DJANGO_CONTENT_TYPE
--------------------------------------------------------

  ALTER TABLE "DJANGO_CONTENT_TYPE" MODIFY ("ID" NOT NULL ENABLE);
  ALTER TABLE "DJANGO_CONTENT_TYPE" ADD PRIMARY KEY ("ID")
  USING INDEX PCTFREE 10 INITRANS 2 MAXTRANS 255 COMPUTE STATISTICS 
  STORAGE(INITIAL 65536 NEXT 1048576 MINEXTENTS 1 MAXEXTENTS 2147483645
  PCTINCREASE 0 FREELISTS 1 FREELIST GROUPS 1
  BUFFER_POOL DEFAULT FLASH_CACHE DEFAULT CELL_FLASH_CACHE DEFAULT)
  TABLESPACE "USERS"  ENABLE;
  ALTER TABLE "DJANGO_CONTENT_TYPE" ADD CONSTRAINT "DJANGO_CO_APP_LABEL_76BD3D3B_U" UNIQUE ("APP_LABEL", "MODEL")
  USING INDEX PCTFREE 10 INITRANS 2 MAXTRANS 255 COMPUTE STATISTICS 
  STORAGE(INITIAL 65536 NEXT 1048576 MINEXTENTS 1 MAXEXTENTS 2147483645
  PCTINCREASE 0 FREELISTS 1 FREELIST GROUPS 1
  BUFFER_POOL DEFAULT FLASH_CACHE DEFAULT CELL_FLASH_CACHE DEFAULT)
  TABLESPACE "USERS"  ENABLE;
--------------------------------------------------------
--  Constraints for Table DJANGO_MIGRATIONS
--------------------------------------------------------

  ALTER TABLE "DJANGO_MIGRATIONS" MODIFY ("ID" NOT NULL ENABLE);
  ALTER TABLE "DJANGO_MIGRATIONS" MODIFY ("APPLIED" NOT NULL ENABLE);
  ALTER TABLE "DJANGO_MIGRATIONS" ADD PRIMARY KEY ("ID")
  USING INDEX PCTFREE 10 INITRANS 2 MAXTRANS 255 COMPUTE STATISTICS 
  STORAGE(INITIAL 65536 NEXT 1048576 MINEXTENTS 1 MAXEXTENTS 2147483645
  PCTINCREASE 0 FREELISTS 1 FREELIST GROUPS 1
  BUFFER_POOL DEFAULT FLASH_CACHE DEFAULT CELL_FLASH_CACHE DEFAULT)
  TABLESPACE "USERS"  ENABLE;
--------------------------------------------------------
--  Constraints for Table DJANGO_SESSION
--------------------------------------------------------

  ALTER TABLE "DJANGO_SESSION" MODIFY ("SESSION_KEY" NOT NULL ENABLE);
  ALTER TABLE "DJANGO_SESSION" MODIFY ("EXPIRE_DATE" NOT NULL ENABLE);
  ALTER TABLE "DJANGO_SESSION" ADD PRIMARY KEY ("SESSION_KEY")
  USING INDEX PCTFREE 10 INITRANS 2 MAXTRANS 255 COMPUTE STATISTICS 
  STORAGE(INITIAL 65536 NEXT 1048576 MINEXTENTS 1 MAXEXTENTS 2147483645
  PCTINCREASE 0 FREELISTS 1 FREELIST GROUPS 1
  BUFFER_POOL DEFAULT FLASH_CACHE DEFAULT CELL_FLASH_CACHE DEFAULT)
  TABLESPACE "USERS"  ENABLE;
--------------------------------------------------------
--  Constraints for Table LIBRO
--------------------------------------------------------

  ALTER TABLE "LIBRO" MODIFY ("ID" NOT NULL ENABLE);
  ALTER TABLE "LIBRO" MODIFY ("PRECIO" NOT NULL ENABLE);
  ALTER TABLE "LIBRO" MODIFY ("STOCK" NOT NULL ENABLE);
  ALTER TABLE "LIBRO" ADD PRIMARY KEY ("ID")
  USING INDEX PCTFREE 10 INITRANS 2 MAXTRANS 255 COMPUTE STATISTICS 
  STORAGE(INITIAL 65536 NEXT 1048576 MINEXTENTS 1 MAXEXTENTS 2147483645
  PCTINCREASE 0 FREELISTS 1 FREELIST GROUPS 1
  BUFFER_POOL DEFAULT FLASH_CACHE DEFAULT CELL_FLASH_CACHE DEFAULT)
  TABLESPACE "USERS"  ENABLE;
--------------------------------------------------------
--  Constraints for Table MATERIALES
--------------------------------------------------------

  ALTER TABLE "MATERIALES" MODIFY ("ID" NOT NULL ENABLE);
  ALTER TABLE "MATERIALES" MODIFY ("STOCK" NOT NULL ENABLE);
  ALTER TABLE "MATERIALES" MODIFY ("TECNICO_ID" NOT NULL ENABLE);
  ALTER TABLE "MATERIALES" ADD PRIMARY KEY ("ID")
  USING INDEX PCTFREE 10 INITRANS 2 MAXTRANS 255 COMPUTE STATISTICS 
  TABLESPACE "USERS"  ENABLE;
--------------------------------------------------------
--  Constraints for Table PAGO
--------------------------------------------------------

  ALTER TABLE "PAGO" MODIFY ("ID" NOT NULL ENABLE);
  ALTER TABLE "PAGO" MODIFY ("TOTAL" NOT NULL ENABLE);
  ALTER TABLE "PAGO" MODIFY ("VENTA_ID" NOT NULL ENABLE);
  ALTER TABLE "PAGO" ADD PRIMARY KEY ("ID")
  USING INDEX PCTFREE 10 INITRANS 2 MAXTRANS 255 COMPUTE STATISTICS 
  STORAGE(INITIAL 65536 NEXT 1048576 MINEXTENTS 1 MAXEXTENTS 2147483645
  PCTINCREASE 0 FREELISTS 1 FREELIST GROUPS 1
  BUFFER_POOL DEFAULT FLASH_CACHE DEFAULT CELL_FLASH_CACHE DEFAULT)
  TABLESPACE "USERS"  ENABLE;
--------------------------------------------------------
--  Constraints for Table SERVICIO
--------------------------------------------------------

  ALTER TABLE "SERVICIO" MODIFY ("ID" NOT NULL ENABLE);
  ALTER TABLE "SERVICIO" MODIFY ("FECHA_SERVICIO" NOT NULL ENABLE);
  ALTER TABLE "SERVICIO" MODIFY ("CLIENTE_ID" NOT NULL ENABLE);
  ALTER TABLE "SERVICIO" MODIFY ("TECNICO_ID" NOT NULL ENABLE);
  ALTER TABLE "SERVICIO" MODIFY ("TIPO_ID" NOT NULL ENABLE);
  ALTER TABLE "SERVICIO" ADD PRIMARY KEY ("ID")
  USING INDEX PCTFREE 10 INITRANS 2 MAXTRANS 255 COMPUTE STATISTICS 
  TABLESPACE "USERS"  ENABLE;
--------------------------------------------------------
--  Constraints for Table TIPO
--------------------------------------------------------

  ALTER TABLE "TIPO" MODIFY ("ID" NOT NULL ENABLE);
  ALTER TABLE "TIPO" ADD PRIMARY KEY ("ID")
  USING INDEX PCTFREE 10 INITRANS 2 MAXTRANS 255 COMPUTE STATISTICS 
  TABLESPACE "USERS"  ENABLE;
--------------------------------------------------------
--  Constraints for Table VENTA
--------------------------------------------------------

  ALTER TABLE "VENTA" MODIFY ("ID" NOT NULL ENABLE);
  ALTER TABLE "VENTA" MODIFY ("FECHA_VENTA" NOT NULL ENABLE);
  ALTER TABLE "VENTA" MODIFY ("TOTAL" NOT NULL ENABLE);
  ALTER TABLE "VENTA" MODIFY ("CLIENTE_ID" NOT NULL ENABLE);
  ALTER TABLE "VENTA" MODIFY ("EMPLEADO_ID" NOT NULL ENABLE);
  ALTER TABLE "VENTA" ADD PRIMARY KEY ("ID")
  USING INDEX PCTFREE 10 INITRANS 2 MAXTRANS 255 COMPUTE STATISTICS 
  STORAGE(INITIAL 65536 NEXT 1048576 MINEXTENTS 1 MAXEXTENTS 2147483645
  PCTINCREASE 0 FREELISTS 1 FREELIST GROUPS 1
  BUFFER_POOL DEFAULT FLASH_CACHE DEFAULT CELL_FLASH_CACHE DEFAULT)
  TABLESPACE "USERS"  ENABLE;
--------------------------------------------------------
--  Ref Constraints for Table APP_CLIENTE
--------------------------------------------------------

  ALTER TABLE "APP_CLIENTE" ADD CONSTRAINT "APP_CLIEN_USER_ID_197589BE_F" FOREIGN KEY ("USER_ID")
	  REFERENCES "AUTH_USER" ("ID") DEFERRABLE INITIALLY DEFERRED ENABLE;
--------------------------------------------------------
--  Ref Constraints for Table APP_EMPLEADO
--------------------------------------------------------

  ALTER TABLE "APP_EMPLEADO" ADD CONSTRAINT "APP_EMPLE_USER_ID_9224CF74_F" FOREIGN KEY ("USER_ID")
	  REFERENCES "AUTH_USER" ("ID") DEFERRABLE INITIALLY DEFERRED ENABLE;
--------------------------------------------------------
--  Ref Constraints for Table APP_TECNICO
--------------------------------------------------------

  ALTER TABLE "APP_TECNICO" ADD CONSTRAINT "APP_TECNI_USER_ID_2247A72A_F" FOREIGN KEY ("USER_ID")
	  REFERENCES "AUTH_USER" ("ID") DEFERRABLE INITIALLY DEFERRED ENABLE;
--------------------------------------------------------
--  Ref Constraints for Table AUTH_GROUP_PERMISSIONS
--------------------------------------------------------

  ALTER TABLE "AUTH_GROUP_PERMISSIONS" ADD CONSTRAINT "AUTH_GROU_GROUP_ID_B120CBF9_F" FOREIGN KEY ("GROUP_ID")
	  REFERENCES "AUTH_GROUP" ("ID") DEFERRABLE INITIALLY DEFERRED ENABLE;
  ALTER TABLE "AUTH_GROUP_PERMISSIONS" ADD CONSTRAINT "AUTH_GROU_PERMISSIO_84C5C92E_F" FOREIGN KEY ("PERMISSION_ID")
	  REFERENCES "AUTH_PERMISSION" ("ID") DEFERRABLE INITIALLY DEFERRED ENABLE;
--------------------------------------------------------
--  Ref Constraints for Table AUTH_PERMISSION
--------------------------------------------------------

  ALTER TABLE "AUTH_PERMISSION" ADD CONSTRAINT "AUTH_PERM_CONTENT_T_2F476E4B_F" FOREIGN KEY ("CONTENT_TYPE_ID")
	  REFERENCES "DJANGO_CONTENT_TYPE" ("ID") DEFERRABLE INITIALLY DEFERRED ENABLE;
--------------------------------------------------------
--  Ref Constraints for Table AUTH_USER_GROUPS
--------------------------------------------------------

  ALTER TABLE "AUTH_USER_GROUPS" ADD CONSTRAINT "AUTH_USER_USER_ID_6A12ED8B_F" FOREIGN KEY ("USER_ID")
	  REFERENCES "AUTH_USER" ("ID") DEFERRABLE INITIALLY DEFERRED ENABLE;
  ALTER TABLE "AUTH_USER_GROUPS" ADD CONSTRAINT "AUTH_USER_GROUP_ID_97559544_F" FOREIGN KEY ("GROUP_ID")
	  REFERENCES "AUTH_GROUP" ("ID") DEFERRABLE INITIALLY DEFERRED ENABLE;
--------------------------------------------------------
--  Ref Constraints for Table AUTH_USER_USER_PERMISSIONS
--------------------------------------------------------

  ALTER TABLE "AUTH_USER_USER_PERMISSIONS" ADD CONSTRAINT "AUTH_USER_USER_ID_A95EAD1B_F" FOREIGN KEY ("USER_ID")
	  REFERENCES "AUTH_USER" ("ID") DEFERRABLE INITIALLY DEFERRED ENABLE;
  ALTER TABLE "AUTH_USER_USER_PERMISSIONS" ADD CONSTRAINT "AUTH_USER_PERMISSIO_1FBB5F2C_F" FOREIGN KEY ("PERMISSION_ID")
	  REFERENCES "AUTH_PERMISSION" ("ID") DEFERRABLE INITIALLY DEFERRED ENABLE;
--------------------------------------------------------
--  Ref Constraints for Table CARRITO
--------------------------------------------------------

  ALTER TABLE "CARRITO" ADD CONSTRAINT "CARRITO_LIBRO_ID_C5C929F2_F" FOREIGN KEY ("LIBRO_ID")
	  REFERENCES "LIBRO" ("ID") DEFERRABLE INITIALLY DEFERRED ENABLE;
  ALTER TABLE "CARRITO" ADD CONSTRAINT "CARRITO_USUARIO_I_55385271_F" FOREIGN KEY ("USUARIO_ID")
	  REFERENCES "AUTH_USER" ("ID") DEFERRABLE INITIALLY DEFERRED ENABLE;
--------------------------------------------------------
--  Ref Constraints for Table COTIZACIONES
--------------------------------------------------------

  ALTER TABLE "COTIZACIONES" ADD CONSTRAINT "COTIZACIO_CLIENTE_I_BA3CCD56_F" FOREIGN KEY ("CLIENTE_ID")
	  REFERENCES "APP_CLIENTE" ("ID") DEFERRABLE INITIALLY DEFERRED ENABLE;
--------------------------------------------------------
--  Ref Constraints for Table DETALLE_VENTA
--------------------------------------------------------

  ALTER TABLE "DETALLE_VENTA" ADD CONSTRAINT "DETALLE_V_LIBRO_ID_1C220CB4_F" FOREIGN KEY ("LIBRO_ID")
	  REFERENCES "LIBRO" ("ID") DEFERRABLE INITIALLY DEFERRED ENABLE;
  ALTER TABLE "DETALLE_VENTA" ADD CONSTRAINT "DETALLE_V_VENTA_ID_ECF1A1A3_F" FOREIGN KEY ("VENTA_ID")
	  REFERENCES "VENTA" ("ID") DEFERRABLE INITIALLY DEFERRED ENABLE;
--------------------------------------------------------
--  Ref Constraints for Table DJANGO_ADMIN_LOG
--------------------------------------------------------

  ALTER TABLE "DJANGO_ADMIN_LOG" ADD CONSTRAINT "DJANGO_AD_CONTENT_T_C4BCE8EB_F" FOREIGN KEY ("CONTENT_TYPE_ID")
	  REFERENCES "DJANGO_CONTENT_TYPE" ("ID") DEFERRABLE INITIALLY DEFERRED ENABLE;
  ALTER TABLE "DJANGO_ADMIN_LOG" ADD CONSTRAINT "DJANGO_AD_USER_ID_C564EBA6_F" FOREIGN KEY ("USER_ID")
	  REFERENCES "AUTH_USER" ("ID") DEFERRABLE INITIALLY DEFERRED ENABLE;
--------------------------------------------------------
--  Ref Constraints for Table MATERIALES
--------------------------------------------------------

  ALTER TABLE "MATERIALES" ADD CONSTRAINT "MATERIALE_TECNICO_I_36582C97_F" FOREIGN KEY ("TECNICO_ID")
	  REFERENCES "APP_TECNICO" ("ID") DEFERRABLE INITIALLY DEFERRED ENABLE;
--------------------------------------------------------
--  Ref Constraints for Table PAGO
--------------------------------------------------------

  ALTER TABLE "PAGO" ADD CONSTRAINT "PAGO_VENTA_ID_DE39C76C_F" FOREIGN KEY ("VENTA_ID")
	  REFERENCES "VENTA" ("ID") DEFERRABLE INITIALLY DEFERRED ENABLE;
--------------------------------------------------------
--  Ref Constraints for Table SERVICIO
--------------------------------------------------------

  ALTER TABLE "SERVICIO" ADD CONSTRAINT "SERVICIO_CLIENTE_I_D532ED46_F" FOREIGN KEY ("CLIENTE_ID")
	  REFERENCES "APP_CLIENTE" ("ID") DEFERRABLE INITIALLY DEFERRED ENABLE;
  ALTER TABLE "SERVICIO" ADD CONSTRAINT "SERVICIO_TECNICO_I_F5C27EDC_F" FOREIGN KEY ("TECNICO_ID")
	  REFERENCES "APP_TECNICO" ("ID") DEFERRABLE INITIALLY DEFERRED ENABLE;
  ALTER TABLE "SERVICIO" ADD CONSTRAINT "SERVICIO_TIPO_ID_E7FC9128_F" FOREIGN KEY ("TIPO_ID")
	  REFERENCES "TIPO" ("ID") DEFERRABLE INITIALLY DEFERRED ENABLE;
--------------------------------------------------------
--  Ref Constraints for Table VENTA
--------------------------------------------------------

  ALTER TABLE "VENTA" ADD CONSTRAINT "VENTA_CLIENTE_I_23062742_F" FOREIGN KEY ("CLIENTE_ID")
	  REFERENCES "APP_CLIENTE" ("ID") DEFERRABLE INITIALLY DEFERRED ENABLE;
  ALTER TABLE "VENTA" ADD CONSTRAINT "VENTA_EMPLEADO__C03A5623_F" FOREIGN KEY ("EMPLEADO_ID")
	  REFERENCES "APP_EMPLEADO" ("ID") DEFERRABLE INITIALLY DEFERRED ENABLE;
